rowID,stamp,datetime,hum,newhum,co2
999,1497825202,2017/6/18 22:33,61.5,38.5,35.5
1999,1497825203,2017/6/18 22:33,61.5,38.5,35.5
2999,1497825204,2017/6/18 22:33,61.5,38.5,35.5
3999,1497825205,2017/6/18 22:33,61.5,38.5,35.5
4999,1497825206,2017/6/18 22:33,61.4,38.6,35.6
5999,1497825207,2017/6/18 22:33,61.4,38.6,35.6
6999,1497825208,2017/6/18 22:33,61.4,38.6,35.6
8000,1497825209,2017/6/18 22:33,61.4,38.6,35.6
8999,1497825210,2017/6/18 22:33,61.4,38.6,35.6
9999,1497825211,2017/6/18 22:33,61.4,38.6,35.6
10998,1497825212,2017/6/18 22:33,61.4,38.6,35.6
11999,1497825213,2017/6/18 22:33,61.4,38.6,35.6
12999,1497825214,2017/6/18 22:33,61.4,38.6,35.6
14000,1497825215,2017/6/18 22:33,61.4,38.6,35.6
14999,1497825216,2017/6/18 22:33,61.4,38.6,35.6
16000,1497825217,2017/6/18 22:33,61.4,38.6,35.6
16999,1497825218,2017/6/18 22:33,61.5,38.5,35.5
17999,1497825219,2017/6/18 22:33,61.5,38.5,35.5
19000,1497825220,2017/6/18 22:33,61.5,38.5,35.5
19999,1497825221,2017/6/18 22:33,61.5,38.5,35.5
20999,1497825222,2017/6/18 22:33,61.6,38.4,35.4
21999,1497825223,2017/6/18 22:33,61.6,38.4,35.4
23000,1497825224,2017/6/18 22:33,61.6,38.4,35.4
23999,1497825225,2017/6/18 22:33,61.6,38.4,35.4
24998,1497825226,2017/6/18 22:33,61.6,38.4,35.4
25999,1497825227,2017/6/18 22:33,61.6,38.4,35.4
26999,1497825228,2017/6/18 22:33,61.8,38.2,35.2
27999,1497825229,2017/6/18 22:33,61.8,38.2,35.2
28999,1497825230,2017/6/18 22:33,61.7,38.3,35.3
29999,1497825231,2017/6/18 22:33,61.7,38.3,35.3
30999,1497825232,2017/6/18 22:33,62.6,37.4,34.4
32000,1497825233,2017/6/18 22:33,62.6,37.4,34.4
32999,1497825234,2017/6/18 22:33,63.5,36.5,33.5
33999,1497825235,2017/6/18 22:33,63.5,36.5,33.5
35000,1497825236,2017/6/18 22:33,63.5,36.5,33.5
35999,1497825237,2017/6/18 22:33,62.9,37.1,34.1
36999,1497825238,2017/6/18 22:33,62.9,37.1,34.1
37999,1497825239,2017/6/18 22:33,62.4,37.6,34.6
38999,1497825240,2017/6/18 22:34,62.4,37.6,34.6
39999,1497825241,2017/6/18 22:34,62.3,37.7,34.7
41000,1497825242,2017/6/18 22:34,62.3,37.7,34.7
42000,1497825243,2017/6/18 22:34,62.3,37.7,34.7
42999,1497825244,2017/6/18 22:34,62.1,37.9,34.9
43999,1497825245,2017/6/18 22:34,62.1,37.9,34.9
44999,1497825246,2017/6/18 22:34,62,38,35
46000,1497825247,2017/6/18 22:34,62,38,35
46999,1497825248,2017/6/18 22:34,62,38,35
48000,1497825249,2017/6/18 22:34,61.9,38.1,35.1
49000,1497825250,2017/6/18 22:34,61.9,38.1,35.1
49998,1497825251,2017/6/18 22:34,61.9,38.1,35.1
50999,1497825252,2017/6/18 22:34,61.9,38.1,35.1
51999,1497825253,2017/6/18 22:34,61.9,38.1,35.1
52999,1497825254,2017/6/18 22:34,61.9,38.1,35.1
53999,1497825255,2017/6/18 22:34,61.9,38.1,35.1
54999,1497825256,2017/6/18 22:34,61.9,38.1,35.1
56000,1497825257,2017/6/18 22:34,62,38,35
56998,1497825258,2017/6/18 22:34,62,38,35
57999,1497825259,2017/6/18 22:34,62,38,35
58999,1497825260,2017/6/18 22:34,61.9,38.1,35.1
59999,1497825261,2017/6/18 22:34,61.9,38.1,35.1
60999,1497825262,2017/6/18 22:34,61.9,38.1,35.1
61999,1497825263,2017/6/18 22:34,61.9,38.1,35.1
62999,1497825264,2017/6/18 22:34,61.9,38.1,35.1
64000,1497825265,2017/6/18 22:34,62,38,35
64999,1497825266,2017/6/18 22:34,62,38,35
65999,1497825267,2017/6/18 22:34,62,38,35
66999,1497825268,2017/6/18 22:34,62,38,35
67998,1497825269,2017/6/18 22:34,62.1,37.9,34.9
68999,1497825270,2017/6/18 22:34,62.1,37.9,34.9
69998,1497825271,2017/6/18 22:34,62.1,37.9,34.9
70999,1497825272,2017/6/18 22:34,62.1,37.9,34.9
71999,1497825273,2017/6/18 22:34,62.1,37.9,34.9
72998,1497825274,2017/6/18 22:34,62.1,37.9,34.9
73999,1497825275,2017/6/18 22:34,62.1,37.9,34.9
74999,1497825276,2017/6/18 22:34,62.1,37.9,34.9
75999,1497825277,2017/6/18 22:34,62.1,37.9,34.9
76999,1497825278,2017/6/18 22:34,62.1,37.9,34.9
77999,1497825279,2017/6/18 22:34,62.1,37.9,34.9
78999,1497825280,2017/6/18 22:34,62.1,37.9,34.9
80000,1497825281,2017/6/18 22:34,62.1,37.9,34.9
80999,1497825282,2017/6/18 22:34,62.1,37.9,34.9
81998,1497825283,2017/6/18 22:34,62.1,37.9,34.9
82999,1497825284,2017/6/18 22:34,62.1,37.9,34.9
83998,1497825285,2017/6/18 22:34,62.1,37.9,34.9
85000,1497825286,2017/6/18 22:34,62.1,37.9,34.9
85998,1497825287,2017/6/18 22:34,62.1,37.9,34.9
87000,1497825288,2017/6/18 22:34,62.1,37.9,34.9
87999,1497825289,2017/6/18 22:34,62.1,37.9,34.9
88999,1497825290,2017/6/18 22:34,62.1,37.9,34.9
90000,1497825291,2017/6/18 22:34,62.1,37.9,34.9
90999,1497825292,2017/6/18 22:34,62.1,37.9,34.9
92000,1497825293,2017/6/18 22:34,62.1,37.9,34.9
92999,1497825294,2017/6/18 22:34,62.2,37.8,34.8
93999,1497825295,2017/6/18 22:34,62.2,37.8,34.8
94999,1497825296,2017/6/18 22:34,62.2,37.8,34.8
95998,1497825297,2017/6/18 22:34,62.2,37.8,34.8
96999,1497825298,2017/6/18 22:34,62.2,37.8,34.8
97999,1497825299,2017/6/18 22:34,62.2,37.8,34.8
98999,1497825300,2017/6/18 22:35,62.2,37.8,34.8
99999,1497825301,2017/6/18 22:35,62.1,37.9,34.9
100999,1497825302,2017/6/18 22:35,62.1,37.9,34.9
101999,1497825303,2017/6/18 22:35,62.2,37.8,34.8
102999,1497825304,2017/6/18 22:35,62.2,37.8,34.8
104000,1497825305,2017/6/18 22:35,62.2,37.8,34.8
104998,1497825306,2017/6/18 22:35,62.2,37.8,34.8
105999,1497825307,2017/6/18 22:35,62.2,37.8,34.8
106998,1497825308,2017/6/18 22:35,62.3,37.7,34.7
107999,1497825309,2017/6/18 22:35,62.3,37.7,34.7
108999,1497825310,2017/6/18 22:35,62.3,37.7,34.7
109999,1497825311,2017/6/18 22:35,62.3,37.7,34.7
110999,1497825312,2017/6/18 22:35,62.4,37.6,34.6
111998,1497825313,2017/6/18 22:35,62.4,37.6,34.6
112999,1497825314,2017/6/18 22:35,62.4,37.6,34.6
113999,1497825315,2017/6/18 22:35,62.4,37.6,34.6
115000,1497825316,2017/6/18 22:35,62.4,37.6,34.6
115999,1497825317,2017/6/18 22:35,62.4,37.6,34.6
116999,1497825318,2017/6/18 22:35,62.4,37.6,34.6
117999,1497825319,2017/6/18 22:35,62.5,37.5,34.5
119000,1497825320,2017/6/18 22:35,62.5,37.5,34.5
119999,1497825321,2017/6/18 22:35,62.5,37.5,34.5
120998,1497825322,2017/6/18 22:35,62.5,37.5,34.5
122000,1497825323,2017/6/18 22:35,62.5,37.5,34.5
122999,1497825324,2017/6/18 22:35,62.4,37.6,34.6
124000,1497825325,2017/6/18 22:35,62.4,37.6,34.6
124998,1497825326,2017/6/18 22:35,62.6,37.4,34.4
125999,1497825327,2017/6/18 22:35,62.6,37.4,34.4
126999,1497825328,2017/6/18 22:35,62.6,37.4,34.4
127998,1497825329,2017/6/18 22:35,62.6,37.4,34.4
129000,1497825330,2017/6/18 22:35,62.7,37.3,34.3
129999,1497825331,2017/6/18 22:35,62.7,37.3,34.3
131000,1497825332,2017/6/18 22:35,62.6,37.4,34.4
132000,1497825333,2017/6/18 22:35,62.6,37.4,34.4
132999,1497825334,2017/6/18 22:35,62.6,37.4,34.4
133999,1497825335,2017/6/18 22:35,62.7,37.3,34.3
134999,1497825336,2017/6/18 22:35,62.7,37.3,34.3
135999,1497825337,2017/6/18 22:35,62.8,37.2,34.2
136998,1497825338,2017/6/18 22:35,62.8,37.2,34.2
138000,1497825339,2017/6/18 22:35,62.8,37.2,34.2
138999,1497825340,2017/6/18 22:35,62.8,37.2,34.2
139999,1497825341,2017/6/18 22:35,62.8,37.2,34.2
140999,1497825342,2017/6/18 22:35,62.8,37.2,34.2
142000,1497825343,2017/6/18 22:35,62.8,37.2,34.2
142999,1497825344,2017/6/18 22:35,62.8,37.2,34.2
143998,1497825345,2017/6/18 22:35,62.8,37.2,34.2
144999,1497825346,2017/6/18 22:35,62.8,37.2,34.2
145999,1497825347,2017/6/18 22:35,62.8,37.2,34.2
147000,1497825348,2017/6/18 22:35,62.9,37.1,34.1
148000,1497825349,2017/6/18 22:35,62.9,37.1,34.1
148999,1497825350,2017/6/18 22:35,62.9,37.1,34.1
149999,1497825351,2017/6/18 22:35,62.9,37.1,34.1
150999,1497825352,2017/6/18 22:35,62.9,37.1,34.1
152000,1497825353,2017/6/18 22:35,62.9,37.1,34.1
152998,1497825354,2017/6/18 22:35,62.9,37.1,34.1
153999,1497825355,2017/6/18 22:35,62.9,37.1,34.1
154999,1497825356,2017/6/18 22:35,62.9,37.1,34.1
156000,1497825357,2017/6/18 22:35,62.9,37.1,34.1
156998,1497825358,2017/6/18 22:35,62.9,37.1,34.1
158000,1497825359,2017/6/18 22:35,63,37,34
158999,1497825360,2017/6/18 22:36,63,37,34
159998,1497825361,2017/6/18 22:36,63.1,36.9,33.9
160999,1497825362,2017/6/18 22:36,63.1,36.9,33.9
161999,1497825363,2017/6/18 22:36,63.1,36.9,33.9
162999,1497825364,2017/6/18 22:36,63.1,36.9,33.9
163998,1497825365,2017/6/18 22:36,63.1,36.9,33.9
165000,1497825366,2017/6/18 22:36,63.2,36.8,33.8
165999,1497825367,2017/6/18 22:36,63.2,36.8,33.8
166999,1497825368,2017/6/18 22:36,63.2,36.8,33.8
167999,1497825369,2017/6/18 22:36,63.2,36.8,33.8
168999,1497825370,2017/6/18 22:36,63.2,36.8,33.8
169999,1497825371,2017/6/18 22:36,63.2,36.8,33.8
170999,1497825372,2017/6/18 22:36,63.2,36.8,33.8
171999,1497825373,2017/6/18 22:36,63.2,36.8,33.8
172998,1497825374,2017/6/18 22:36,63.2,36.8,33.8
174000,1497825375,2017/6/18 22:36,63.2,36.8,33.8
174999,1497825376,2017/6/18 22:36,63.2,36.8,33.8
175998,1497825377,2017/6/18 22:36,63.2,36.8,33.8
176999,1497825378,2017/6/18 22:36,63.2,36.8,33.8
177999,1497825379,2017/6/18 22:36,63.2,36.8,33.8
179000,1497825380,2017/6/18 22:36,63.2,36.8,33.8
179998,1497825381,2017/6/18 22:36,63.2,36.8,33.8
181000,1497825382,2017/6/18 22:36,63.2,36.8,33.8
181999,1497825383,2017/6/18 22:36,63.2,36.8,33.8
183000,1497825384,2017/6/18 22:36,63.2,36.8,33.8
183999,1497825385,2017/6/18 22:36,63.2,36.8,33.8
184999,1497825386,2017/6/18 22:36,63.2,36.8,33.8
185999,1497825387,2017/6/18 22:36,63.2,36.8,33.8
186998,1497825388,2017/6/18 22:36,63.2,36.8,33.8
188000,1497825389,2017/6/18 22:36,63.3,36.7,33.7
188999,1497825390,2017/6/18 22:36,63.3,36.7,33.7
190000,1497825391,2017/6/18 22:36,63.3,36.7,33.7
190998,1497825392,2017/6/18 22:36,63.3,36.7,33.7
192001,1497825393,2017/6/18 22:36,63.3,36.7,33.7
192999,1497825394,2017/6/18 22:36,63.4,36.6,33.6
193999,1497825395,2017/6/18 22:36,63.4,36.6,33.6
194999,1497825396,2017/6/18 22:36,63.4,36.6,33.6
195999,1497825397,2017/6/18 22:36,63.4,36.6,33.6
196999,1497825398,2017/6/18 22:36,63.4,36.6,33.6
197999,1497825399,2017/6/18 22:36,63.3,36.7,33.7
198999,1497825400,2017/6/18 22:36,63.3,36.7,33.7
199998,1497825401,2017/6/18 22:36,63.3,36.7,33.7
200999,1497825402,2017/6/18 22:36,63.4,36.6,33.6
202000,1497825403,2017/6/18 22:36,63.4,36.6,33.6
202999,1497825404,2017/6/18 22:36,63.4,36.6,33.6
203999,1497825405,2017/6/18 22:36,63.5,36.5,33.5
205000,1497825406,2017/6/18 22:36,63.5,36.5,33.5
205999,1497825407,2017/6/18 22:36,63.4,36.6,33.6
206999,1497825408,2017/6/18 22:36,63.4,36.6,33.6
207998,1497825409,2017/6/18 22:36,63.4,36.6,33.6
208999,1497825410,2017/6/18 22:36,63.4,36.6,33.6
209999,1497825411,2017/6/18 22:36,63.5,36.5,33.5
211000,1497825412,2017/6/18 22:36,63.5,36.5,33.5
211998,1497825413,2017/6/18 22:36,63.5,36.5,33.5
213000,1497825414,2017/6/18 22:36,63.5,36.5,33.5
213999,1497825415,2017/6/18 22:36,63.5,36.5,33.5
214999,1497825416,2017/6/18 22:36,63.7,36.3,33.3
215999,1497825417,2017/6/18 22:36,63.7,36.3,33.3
216998,1497825418,2017/6/18 22:36,63.8,36.2,33.2
217999,1497825419,2017/6/18 22:36,63.8,36.2,33.2
218998,1497825420,2017/6/18 22:37,63.7,36.3,33.3
219999,1497825421,2017/6/18 22:37,63.7,36.3,33.3
220999,1497825422,2017/6/18 22:37,63.8,36.2,33.2
221999,1497825423,2017/6/18 22:37,63.8,36.2,33.2
222999,1497825424,2017/6/18 22:37,63.8,36.2,33.2
224000,1497825425,2017/6/18 22:37,63.8,36.2,33.2
224999,1497825426,2017/6/18 22:37,63.8,36.2,33.2
225998,1497825427,2017/6/18 22:37,63.8,36.2,33.2
226999,1497825428,2017/6/18 22:37,63.8,36.2,33.2
227998,1497825429,2017/6/18 22:37,63.8,36.2,33.2
228999,1497825430,2017/6/18 22:37,63.8,36.2,33.2
229998,1497825431,2017/6/18 22:37,63.8,36.2,33.2
230999,1497825432,2017/6/18 22:37,63.8,36.2,33.2
231999,1497825433,2017/6/18 22:37,63.8,36.2,33.2
232998,1497825434,2017/6/18 22:37,63.8,36.2,33.2
233999,1497825435,2017/6/18 22:37,63.8,36.2,33.2
234999,1497825436,2017/6/18 22:37,63.7,36.3,33.3
235999,1497825437,2017/6/18 22:37,63.7,36.3,33.3
236998,1497825438,2017/6/18 22:37,63.7,36.3,33.3
237999,1497825439,2017/6/18 22:37,63.7,36.3,33.3
238999,1497825440,2017/6/18 22:37,63.7,36.3,33.3
239998,1497825441,2017/6/18 22:37,63.7,36.3,33.3
240999,1497825442,2017/6/18 22:37,63.8,36.2,33.2
242000,1497825443,2017/6/18 22:37,63.8,36.2,33.2
242999,1497825444,2017/6/18 22:37,63.8,36.2,33.2
244000,1497825445,2017/6/18 22:37,63.8,36.2,33.2
245000,1497825446,2017/6/18 22:37,63.8,36.2,33.2
245998,1497825447,2017/6/18 22:37,63.8,36.2,33.2
246999,1497825448,2017/6/18 22:37,63.8,36.2,33.2
248000,1497825449,2017/6/18 22:37,63.8,36.2,33.2
248999,1497825450,2017/6/18 22:37,63.8,36.2,33.2
250000,1497825451,2017/6/18 22:37,63.8,36.2,33.2
250999,1497825452,2017/6/18 22:37,63.8,36.2,33.2
251999,1497825453,2017/6/18 22:37,63.8,36.2,33.2
252999,1497825454,2017/6/18 22:37,63.9,36.1,33.1
253999,1497825455,2017/6/18 22:37,63.9,36.1,33.1
255000,1497825456,2017/6/18 22:37,64,36,33
255998,1497825457,2017/6/18 22:37,64,36,33
257000,1497825458,2017/6/18 22:37,64.1,35.9,32.9
257999,1497825459,2017/6/18 22:37,64.1,35.9,32.9
259000,1497825460,2017/6/18 22:37,64.1,35.9,32.9
259999,1497825461,2017/6/18 22:37,64.1,35.9,32.9
260999,1497825462,2017/6/18 22:37,64.1,35.9,32.9
261999,1497825463,2017/6/18 22:37,64.2,35.8,32.8
262999,1497825464,2017/6/18 22:37,64.2,35.8,32.8
264000,1497825465,2017/6/18 22:37,64.2,35.8,32.8
264999,1497825466,2017/6/18 22:37,64.2,35.8,32.8
266000,1497825467,2017/6/18 22:37,64.2,35.8,32.8
267000,1497825468,2017/6/18 22:37,64.2,35.8,32.8
267999,1497825469,2017/6/18 22:37,64.2,35.8,32.8
268998,1497825470,2017/6/18 22:37,64.2,35.8,32.8
269999,1497825471,2017/6/18 22:37,64.2,35.8,32.8
271000,1497825472,2017/6/18 22:37,64.2,35.8,32.8
272000,1497825473,2017/6/18 22:37,64.2,35.8,32.8
272999,1497825474,2017/6/18 22:37,64.2,35.8,32.8
273999,1497825475,2017/6/18 22:37,64.2,35.8,32.8
274999,1497825476,2017/6/18 22:37,64.2,35.8,32.8
275999,1497825477,2017/6/18 22:37,64.2,35.8,32.8
276999,1497825478,2017/6/18 22:37,64.2,35.8,32.8
277999,1497825479,2017/6/18 22:37,64.2,35.8,32.8
278999,1497825480,2017/6/18 22:38,64.2,35.8,32.8
280000,1497825481,2017/6/18 22:38,64.2,35.8,32.8
280998,1497825482,2017/6/18 22:38,64.2,35.8,32.8
282000,1497825483,2017/6/18 22:38,64.2,35.8,32.8
283000,1497825484,2017/6/18 22:38,64.2,35.8,32.8
283999,1497825485,2017/6/18 22:38,64.2,35.8,32.8
284999,1497825486,2017/6/18 22:38,64.2,35.8,32.8
285999,1497825487,2017/6/18 22:38,64.2,35.8,32.8
286999,1497825488,2017/6/18 22:38,64.3,35.7,32.7
287998,1497825489,2017/6/18 22:38,64.3,35.7,32.7
288999,1497825490,2017/6/18 22:38,64.3,35.7,32.7
289999,1497825491,2017/6/18 22:38,64.3,35.7,32.7
290999,1497825492,2017/6/18 22:38,64.3,35.7,32.7
291998,1497825493,2017/6/18 22:38,64.3,35.7,32.7
293000,1497825494,2017/6/18 22:38,64.3,35.7,32.7
293999,1497825495,2017/6/18 22:38,64.4,35.6,32.6
294999,1497825496,2017/6/18 22:38,64.4,35.6,32.6
295998,1497825497,2017/6/18 22:38,64.4,35.6,32.6
296998,1497825498,2017/6/18 22:38,64.4,35.6,32.6
297999,1497825499,2017/6/18 22:38,64.5,35.5,32.5
299000,1497825500,2017/6/18 22:38,64.5,35.5,32.5
300000,1497825501,2017/6/18 22:38,64.5,35.5,32.5
300999,1497825502,2017/6/18 22:38,64.5,35.5,32.5
301999,1497825503,2017/6/18 22:38,64.5,35.5,32.5
302999,1497825504,2017/6/18 22:38,64.5,35.5,32.5
303998,1497825505,2017/6/18 22:38,64.5,35.5,32.5
304999,1497825506,2017/6/18 22:38,64.5,35.5,32.5
305999,1497825507,2017/6/18 22:38,64.5,35.5,32.5
306999,1497825508,2017/6/18 22:38,64.5,35.5,32.5
308000,1497825509,2017/6/18 22:38,64.5,35.5,32.5
309000,1497825510,2017/6/18 22:38,64.5,35.5,32.5
309999,1497825511,2017/6/18 22:38,64.5,35.5,32.5
311000,1497825512,2017/6/18 22:38,64.6,35.4,32.4
311999,1497825513,2017/6/18 22:38,64.6,35.4,32.4
312998,1497825514,2017/6/18 22:38,64.6,35.4,32.4
313999,1497825515,2017/6/18 22:38,64.6,35.4,32.4
314999,1497825516,2017/6/18 22:38,64.6,35.4,32.4
316000,1497825517,2017/6/18 22:38,64.7,35.3,32.3
316999,1497825518,2017/6/18 22:38,64.7,35.3,32.3
318000,1497825519,2017/6/18 22:38,64.7,35.3,32.3
318998,1497825520,2017/6/18 22:38,64.7,35.3,32.3
320000,1497825521,2017/6/18 22:38,64.7,35.3,32.3
320999,1497825522,2017/6/18 22:38,64.7,35.3,32.3
321998,1497825523,2017/6/18 22:38,64.7,35.3,32.3
322998,1497825524,2017/6/18 22:38,64.7,35.3,32.3
323999,1497825525,2017/6/18 22:38,64.7,35.3,32.3
325000,1497825526,2017/6/18 22:38,64.6,35.4,32.4
325999,1497825527,2017/6/18 22:38,64.6,35.4,32.4
326999,1497825528,2017/6/18 22:38,64.6,35.4,32.4
327998,1497825529,2017/6/18 22:38,64.6,35.4,32.4
328999,1497825530,2017/6/18 22:38,64.6,35.4,32.4
330000,1497825531,2017/6/18 22:38,64.5,35.5,32.5
330998,1497825532,2017/6/18 22:38,64.5,35.5,32.5
331999,1497825533,2017/6/18 22:38,64.5,35.5,32.5
332998,1497825534,2017/6/18 22:38,64.4,35.6,32.6
333999,1497825535,2017/6/18 22:38,64.4,35.6,32.6
335000,1497825536,2017/6/18 22:38,64.5,35.5,32.5
335998,1497825537,2017/6/18 22:38,64.5,35.5,32.5
336999,1497825538,2017/6/18 22:38,64.5,35.5,32.5
337999,1497825539,2017/6/18 22:38,64.4,35.6,32.6
338999,1497825540,2017/6/18 22:39,64.4,35.6,32.6
339999,1497825541,2017/6/18 22:39,64.4,35.6,32.6
340999,1497825542,2017/6/18 22:39,64.3,35.7,32.7
341998,1497825543,2017/6/18 22:39,64.3,35.7,32.7
342999,1497825544,2017/6/18 22:39,64.3,35.7,32.7
344000,1497825545,2017/6/18 22:39,64.3,35.7,32.7
344999,1497825546,2017/6/18 22:39,64.2,35.8,32.8
345999,1497825547,2017/6/18 22:39,64.2,35.8,32.8
346999,1497825548,2017/6/18 22:39,64.2,35.8,32.8
347999,1497825549,2017/6/18 22:39,64.2,35.8,32.8
348998,1497825550,2017/6/18 22:39,64.2,35.8,32.8
349999,1497825551,2017/6/18 22:39,64.2,35.8,32.8
350999,1497825552,2017/6/18 22:39,64.2,35.8,32.8
352000,1497825553,2017/6/18 22:39,64.2,35.8,32.8
353000,1497825554,2017/6/18 22:39,64.1,35.9,32.9
353999,1497825555,2017/6/18 22:39,64.1,35.9,32.9
355000,1497825556,2017/6/18 22:39,64.1,35.9,32.9
355999,1497825557,2017/6/18 22:39,64.1,35.9,32.9
356999,1497825558,2017/6/18 22:39,64.1,35.9,32.9
357998,1497825559,2017/6/18 22:39,64.1,35.9,32.9
358999,1497825560,2017/6/18 22:39,64.1,35.9,32.9
360000,1497825561,2017/6/18 22:39,64,36,33
360998,1497825562,2017/6/18 22:39,64,36,33
362000,1497825563,2017/6/18 22:39,64,36,33
362999,1497825564,2017/6/18 22:39,64,36,33
363999,1497825565,2017/6/18 22:39,64,36,33
364999,1497825566,2017/6/18 22:39,64,36,33
365999,1497825567,2017/6/18 22:39,63.9,36.1,33.1
366999,1497825568,2017/6/18 22:39,63.9,36.1,33.1
367998,1497825569,2017/6/18 22:39,64,36,33
368999,1497825570,2017/6/18 22:39,64,36,33
369998,1497825571,2017/6/18 22:39,64,36,33
370999,1497825572,2017/6/18 22:39,64,36,33
371999,1497825573,2017/6/18 22:39,64,36,33
372999,1497825574,2017/6/18 22:39,64,36,33
373999,1497825575,2017/6/18 22:39,64,36,33
375000,1497825576,2017/6/18 22:39,64,36,33
375999,1497825577,2017/6/18 22:39,64,36,33
376998,1497825578,2017/6/18 22:39,64.1,35.9,32.9
377999,1497825579,2017/6/18 22:39,64.1,35.9,32.9
378999,1497825580,2017/6/18 22:39,64.2,35.8,32.8
379999,1497825581,2017/6/18 22:39,64.2,35.8,32.8
380999,1497825582,2017/6/18 22:39,64.2,35.8,32.8
381999,1497825583,2017/6/18 22:39,64.2,35.8,32.8
382999,1497825584,2017/6/18 22:39,64.2,35.8,32.8
383998,1497825585,2017/6/18 22:39,64.2,35.8,32.8
384999,1497825586,2017/6/18 22:39,64.2,35.8,32.8
385999,1497825587,2017/6/18 22:39,64.2,35.8,32.8
386999,1497825588,2017/6/18 22:39,64.2,35.8,32.8
387999,1497825589,2017/6/18 22:39,64.2,35.8,32.8
388999,1497825590,2017/6/18 22:39,64.2,35.8,32.8
389999,1497825591,2017/6/18 22:39,64.2,35.8,32.8
390999,1497825592,2017/6/18 22:39,64.2,35.8,32.8
392000,1497825593,2017/6/18 22:39,64.2,35.8,32.8
392998,1497825594,2017/6/18 22:39,64.2,35.8,32.8
394000,1497825595,2017/6/18 22:39,64.1,35.9,32.9
394999,1497825596,2017/6/18 22:39,64.1,35.9,32.9
396000,1497825597,2017/6/18 22:39,64,36,33
396999,1497825598,2017/6/18 22:39,64,36,33
398000,1497825599,2017/6/18 22:39,64,36,33
398999,1497825600,2017/6/18 22:40,64,36,33
400000,1497825601,2017/6/18 22:40,64,36,33
401000,1497825602,2017/6/18 22:40,64,36,33
401999,1497825603,2017/6/18 22:40,64,36,33
402999,1497825605,2017/6/18 22:40,64,36,33
403998,1497825605,2017/6/18 22:40,63.8,36.2,33.2
404999,1497825607,2017/6/18 22:40,63.8,36.2,33.2
405999,1497825608,2017/6/18 22:40,63.7,36.3,33.3
406999,1497825609,2017/6/18 22:40,63.7,36.3,33.3
407998,1497825610,2017/6/18 22:40,63.7,36.3,33.3
408998,1497825611,2017/6/18 22:40,63.7,36.3,33.3
410000,1497825612,2017/6/18 22:40,63.7,36.3,33.3
410999,1497825613,2017/6/18 22:40,63.7,36.3,33.3
411999,1497825614,2017/6/18 22:40,63.7,36.3,33.3
412999,1497825615,2017/6/18 22:40,63.7,36.3,33.3
413999,1497825616,2017/6/18 22:40,63.7,36.3,33.3
415000,1497825617,2017/6/18 22:40,63.8,36.2,33.2
415998,1497825618,2017/6/18 22:40,63.8,36.2,33.2
417000,1497825619,2017/6/18 22:40,63.6,36.4,33.4
417999,1497825620,2017/6/18 22:40,63.6,36.4,33.4
419000,1497825621,2017/6/18 22:40,63.6,36.4,33.4
419999,1497825622,2017/6/18 22:40,63.7,36.3,33.3
420999,1497825623,2017/6/18 22:40,63.7,36.3,33.3
421999,1497825624,2017/6/18 22:40,63.5,36.5,33.5
422999,1497825625,2017/6/18 22:40,63.5,36.5,33.5
424000,1497825626,2017/6/18 22:40,63.5,36.5,33.5
424999,1497825627,2017/6/18 22:40,63.5,36.5,33.5
425999,1497825628,2017/6/18 22:40,63.5,36.5,33.5
426999,1497825629,2017/6/18 22:40,63.5,36.5,33.5
427999,1497825630,2017/6/18 22:40,63.5,36.5,33.5
428998,1497825631,2017/6/18 22:40,63.5,36.5,33.5
429999,1497825632,2017/6/18 22:40,63.5,36.5,33.5
430999,1497825633,2017/6/18 22:40,63.5,36.5,33.5
432000,1497825634,2017/6/18 22:40,63.6,36.4,33.4
432999,1497825635,2017/6/18 22:40,63.6,36.4,33.4
433998,1497825636,2017/6/18 22:40,63.6,36.4,33.4
434999,1497825637,2017/6/18 22:40,63.6,36.4,33.4
435998,1497825638,2017/6/18 22:40,63.7,36.3,33.3
436999,1497825639,2017/6/18 22:40,63.7,36.3,33.3
437998,1497825640,2017/6/18 22:40,63.7,36.3,33.3
438999,1497825641,2017/6/18 22:40,63.6,36.4,33.4
439999,1497825642,2017/6/18 22:40,63.6,36.4,33.4
440999,1497825643,2017/6/18 22:40,63.6,36.4,33.4
441999,1497825644,2017/6/18 22:40,63.6,36.4,33.4
442999,1497825645,2017/6/18 22:40,63.7,36.3,33.3
444000,1497825646,2017/6/18 22:40,63.7,36.3,33.3
444998,1497825647,2017/6/18 22:40,63.7,36.3,33.3
446000,1497825648,2017/6/18 22:40,63.7,36.3,33.3
446999,1497825649,2017/6/18 22:40,63.7,36.3,33.3
447998,1497825650,2017/6/18 22:40,63.7,36.3,33.3
448999,1497825651,2017/6/18 22:40,63.7,36.3,33.3
449999,1497825652,2017/6/18 22:40,63.7,36.3,33.3
450999,1497825653,2017/6/18 22:40,63.7,36.3,33.3
451998,1497825654,2017/6/18 22:40,63.7,36.3,33.3
452999,1497825655,2017/6/18 22:40,63.7,36.3,33.3
453999,1497825656,2017/6/18 22:40,63.7,36.3,33.3
454999,1497825657,2017/6/18 22:40,63.9,36.1,33.1
455999,1497825658,2017/6/18 22:40,63.9,36.1,33.1
456998,1497825659,2017/6/18 22:40,63.8,36.2,33.2
457999,1497825660,2017/6/18 22:41,63.8,36.2,33.2
458999,1497825661,2017/6/18 22:41,63.8,36.2,33.2
460000,1497825662,2017/6/18 22:41,63.8,36.2,33.2
460998,1497825663,2017/6/18 22:41,63.8,36.2,33.2
462000,1497825664,2017/6/18 22:41,63.9,36.1,33.1
462999,1497825665,2017/6/18 22:41,63.9,36.1,33.1
464000,1497825666,2017/6/18 22:41,63.8,36.2,33.2
464999,1497825667,2017/6/18 22:41,63.8,36.2,33.2
465998,1497825668,2017/6/18 22:41,63.8,36.2,33.2
466999,1497825669,2017/6/18 22:41,63.9,36.1,33.1
467999,1497825670,2017/6/18 22:41,63.9,36.1,33.1
468999,1497825671,2017/6/18 22:41,64,36,33
469999,1497825672,2017/6/18 22:41,64,36,33
470999,1497825673,2017/6/18 22:41,63.9,36.1,33.1
471999,1497825674,2017/6/18 22:41,63.9,36.1,33.1
472999,1497825675,2017/6/18 22:41,63.9,36.1,33.1
474000,1497825676,2017/6/18 22:41,63.9,36.1,33.1
474998,1497825677,2017/6/18 22:41,63.9,36.1,33.1
476000,1497825678,2017/6/18 22:41,63.9,36.1,33.1
476999,1497825679,2017/6/18 22:41,63.9,36.1,33.1
477999,1497825680,2017/6/18 22:41,63.9,36.1,33.1
478999,1497825681,2017/6/18 22:41,63.9,36.1,33.1
479998,1497825682,2017/6/18 22:41,63.9,36.1,33.1
480999,1497825683,2017/6/18 22:41,63.9,36.1,33.1
481999,1497825684,2017/6/18 22:41,63.9,36.1,33.1
483000,1497825685,2017/6/18 22:41,63.9,36.1,33.1
483999,1497825686,2017/6/18 22:41,63.9,36.1,33.1
484999,1497825687,2017/6/18 22:41,63.9,36.1,33.1
485998,1497825688,2017/6/18 22:41,63.9,36.1,33.1
487000,1497825689,2017/6/18 22:41,63.9,36.1,33.1
487999,1497825690,2017/6/18 22:41,63.9,36.1,33.1
488999,1497825691,2017/6/18 22:41,63.9,36.1,33.1
490000,1497825692,2017/6/18 22:41,63.9,36.1,33.1
490998,1497825693,2017/6/18 22:41,63.9,36.1,33.1
492000,1497825694,2017/6/18 22:41,64,36,33
492999,1497825695,2017/6/18 22:41,64,36,33
493999,1497825696,2017/6/18 22:41,64,36,33
494999,1497825697,2017/6/18 22:41,64,36,33
496000,1497825698,2017/6/18 22:41,64,36,33
496999,1497825699,2017/6/18 22:41,64,36,33
497999,1497825700,2017/6/18 22:41,64,36,33
499000,1497825701,2017/6/18 22:41,64,36,33
499999,1497825702,2017/6/18 22:41,64,36,33
500999,1497825703,2017/6/18 22:41,64,36,33
501999,1497825704,2017/6/18 22:41,64,36,33
502999,1497825705,2017/6/18 22:41,64,36,33
503999,1497825706,2017/6/18 22:41,64,36,33
504998,1497825707,2017/6/18 22:41,64,36,33
506000,1497825708,2017/6/18 22:41,64.1,35.9,32.9
506999,1497825709,2017/6/18 22:41,64.1,35.9,32.9
508000,1497825710,2017/6/18 22:41,64.1,35.9,32.9
508999,1497825711,2017/6/18 22:41,64.1,35.9,32.9
509999,1497825712,2017/6/18 22:41,64.1,35.9,32.9
511000,1497825713,2017/6/18 22:41,64.1,35.9,32.9
511998,1497825714,2017/6/18 22:41,64.1,35.9,32.9
512999,1497825715,2017/6/18 22:41,64.1,35.9,32.9
513999,1497825716,2017/6/18 22:41,64.1,35.9,32.9
514999,1497825717,2017/6/18 22:41,64.1,35.9,32.9
515999,1497825718,2017/6/18 22:41,64.1,35.9,32.9
516999,1497825719,2017/6/18 22:41,64.1,35.9,32.9
517998,1497825720,2017/6/18 22:42,64.1,35.9,32.9
519000,1497825721,2017/6/18 22:42,64.1,35.9,32.9
519999,1497825722,2017/6/18 22:42,64.1,35.9,32.9
520999,1497825723,2017/6/18 22:42,64.2,35.8,32.8
521999,1497825724,2017/6/18 22:42,64.2,35.8,32.8
522998,1497825725,2017/6/18 22:42,64.2,35.8,32.8
523999,1497825726,2017/6/18 22:42,64.2,35.8,32.8
524999,1497825727,2017/6/18 22:42,64.2,35.8,32.8
525999,1497825728,2017/6/18 22:42,64.2,35.8,32.8
526999,1497825729,2017/6/18 22:42,64.2,35.8,32.8
528000,1497825730,2017/6/18 22:42,64.2,35.8,32.8
529000,1497825731,2017/6/18 22:42,64.2,35.8,32.8
529999,1497825732,2017/6/18 22:42,64.2,35.8,32.8
530999,1497825733,2017/6/18 22:42,64.2,35.8,32.8
531999,1497825734,2017/6/18 22:42,64.2,35.8,32.8
532999,1497825735,2017/6/18 22:42,64.2,35.8,32.8
533999,1497825736,2017/6/18 22:42,64.2,35.8,32.8
534999,1497825737,2017/6/18 22:42,64.2,35.8,32.8
536000,1497825738,2017/6/18 22:42,64.2,35.8,32.8
536998,1497825739,2017/6/18 22:42,64.2,35.8,32.8
537999,1497825740,2017/6/18 22:42,64.2,35.8,32.8
538998,1497825741,2017/6/18 22:42,64.2,35.8,32.8
540000,1497825742,2017/6/18 22:42,64.2,35.8,32.8
540999,1497825743,2017/6/18 22:42,64.1,35.9,32.9
541999,1497825744,2017/6/18 22:42,64.1,35.9,32.9
542999,1497825745,2017/6/18 22:42,64.1,35.9,32.9
543998,1497825746,2017/6/18 22:42,64.1,35.9,32.9
544999,1497825747,2017/6/18 22:42,64.1,35.9,32.9
545999,1497825748,2017/6/18 22:42,64.1,35.9,32.9
547000,1497825749,2017/6/18 22:42,64.2,35.8,32.8
547999,1497825750,2017/6/18 22:42,64.2,35.8,32.8
548999,1497825751,2017/6/18 22:42,64.2,35.8,32.8
549999,1497825752,2017/6/18 22:42,64.2,35.8,32.8
551000,1497825753,2017/6/18 22:42,64.2,35.8,32.8
551999,1497825754,2017/6/18 22:42,64.2,35.8,32.8
552999,1497825755,2017/6/18 22:42,64.2,35.8,32.8
554000,1497825756,2017/6/18 22:42,64.2,35.8,32.8
554999,1497825757,2017/6/18 22:42,64.2,35.8,32.8
555999,1497825758,2017/6/18 22:42,64.2,35.8,32.8
556999,1497825759,2017/6/18 22:42,64.2,35.8,32.8
557999,1497825760,2017/6/18 22:42,64.2,35.8,32.8
559000,1497825761,2017/6/18 22:42,64.2,35.8,32.8
559998,1497825762,2017/6/18 22:42,64.2,35.8,32.8
561000,1497825763,2017/6/18 22:42,64.3,35.7,32.7
561999,1497825764,2017/6/18 22:42,64.3,35.7,32.7
562999,1497825765,2017/6/18 22:42,64.3,35.7,32.7
563999,1497825766,2017/6/18 22:42,64.3,35.7,32.7
564999,1497825767,2017/6/18 22:42,64.3,35.7,32.7
565998,1497825768,2017/6/18 22:42,64.3,35.7,32.7
566999,1497825769,2017/6/18 22:42,64.3,35.7,32.7
568000,1497825770,2017/6/18 22:42,64.3,35.7,32.7
568998,1497825771,2017/6/18 22:42,64.3,35.7,32.7
570000,1497825772,2017/6/18 22:42,64.4,35.6,32.6
571000,1497825773,2017/6/18 22:42,64.4,35.6,32.6
571999,1497825774,2017/6/18 22:42,64.4,35.6,32.6
572999,1497825775,2017/6/18 22:42,64.4,35.6,32.6
573999,1497825776,2017/6/18 22:42,64.4,35.6,32.6
574999,1497825777,2017/6/18 22:42,64.4,35.6,32.6
575998,1497825778,2017/6/18 22:42,64.4,35.6,32.6
576999,1497825779,2017/6/18 22:42,64.4,35.6,32.6
578000,1497825780,2017/6/18 22:43,64.4,35.6,32.6
578999,1497825781,2017/6/18 22:43,64.4,35.6,32.6
579999,1497825782,2017/6/18 22:43,64.4,35.6,32.6
580999,1497825783,2017/6/18 22:43,64.4,35.6,32.6
581999,1497825784,2017/6/18 22:43,64.4,35.6,32.6
582999,1497825785,2017/6/18 22:43,64.4,35.6,32.6
583999,1497825786,2017/6/18 22:43,64.4,35.6,32.6
584999,1497825787,2017/6/18 22:43,64.4,35.6,32.6
585999,1497825788,2017/6/18 22:43,64.4,35.6,32.6
586999,1497825789,2017/6/18 22:43,64.4,35.6,32.6
587999,1497825790,2017/6/18 22:43,64.4,35.6,32.6
588998,1497825791,2017/6/18 22:43,64.5,35.5,32.5
589999,1497825792,2017/6/18 22:43,64.5,35.5,32.5
590999,1497825793,2017/6/18 22:43,64.5,35.5,32.5
591998,1497825794,2017/6/18 22:43,64.5,35.5,32.5
592999,1497825795,2017/6/18 22:43,64.5,35.5,32.5
593998,1497825796,2017/6/18 22:43,64.5,35.5,32.5
595000,1497825797,2017/6/18 22:43,64.5,35.5,32.5
595999,1497825798,2017/6/18 22:43,64.5,35.5,32.5
596999,1497825799,2017/6/18 22:43,64.5,35.5,32.5
597999,1497825800,2017/6/18 22:43,64.5,35.5,32.5
598999,1497825801,2017/6/18 22:43,64.5,35.5,32.5
599999,1497825802,2017/6/18 22:43,64.5,35.5,32.5
600999,1497825803,2017/6/18 22:43,64.5,35.5,32.5
601999,1497825804,2017/6/18 22:43,64.5,35.5,32.5
602999,1497825805,2017/6/18 22:43,64.5,35.5,32.5
603999,1497825806,2017/6/18 22:43,64.5,35.5,32.5
604999,1497825807,2017/6/18 22:43,64.5,35.5,32.5
605999,1497825808,2017/6/18 22:43,64.5,35.5,32.5
606998,1497825809,2017/6/18 22:43,64.5,35.5,32.5
608000,1497825810,2017/6/18 22:43,64.5,35.5,32.5
608999,1497825811,2017/6/18 22:43,64.5,35.5,32.5
610000,1497825812,2017/6/18 22:43,64.5,35.5,32.5
610999,1497825813,2017/6/18 22:43,64.5,35.5,32.5
612000,1497825814,2017/6/18 22:43,64.5,35.5,32.5
612999,1497825815,2017/6/18 22:43,64.5,35.5,32.5
614000,1497825816,2017/6/18 22:43,64.5,35.5,32.5
614999,1497825817,2017/6/18 22:43,64.5,35.5,32.5
616000,1497825818,2017/6/18 22:43,64.5,35.5,32.5
616999,1497825819,2017/6/18 22:43,64.4,35.6,32.6
618000,1497825820,2017/6/18 22:43,64.4,35.6,32.6
618999,1497825821,2017/6/18 22:43,64.5,35.5,32.5
620000,1497825822,2017/6/18 22:43,64.5,35.5,32.5
620999,1497825823,2017/6/18 22:43,64.4,35.6,32.6
622000,1497825824,2017/6/18 22:43,64.4,35.6,32.6
623000,1497825825,2017/6/18 22:43,64.4,35.6,32.6
623998,1497825826,2017/6/18 22:43,64.4,35.6,32.6
624999,1497825827,2017/6/18 22:43,64.4,35.6,32.6
625999,1497825828,2017/6/18 22:43,64.5,35.5,32.5
626999,1497825829,2017/6/18 22:43,64.5,35.5,32.5
627999,1497825830,2017/6/18 22:43,64.4,35.6,32.6
628999,1497825831,2017/6/18 22:43,64.4,35.6,32.6
629998,1497825832,2017/6/18 22:43,64.4,35.6,32.6
631000,1497825833,2017/6/18 22:43,64.4,35.6,32.6
631999,1497825834,2017/6/18 22:43,64.4,35.6,32.6
632998,1497825835,2017/6/18 22:43,64.4,35.6,32.6
633999,1497825836,2017/6/18 22:43,64.4,35.6,32.6
634998,1497825837,2017/6/18 22:43,64.4,35.6,32.6
635999,1497825838,2017/6/18 22:43,64.4,35.6,32.6
636998,1497825839,2017/6/18 22:43,64.4,35.6,32.6
637999,1497825840,2017/6/18 22:44,64.4,35.6,32.6
638999,1497825841,2017/6/18 22:44,64.4,35.6,32.6
639998,1497825842,2017/6/18 22:44,64.4,35.6,32.6
640999,1497825843,2017/6/18 22:44,64.4,35.6,32.6
641999,1497825844,2017/6/18 22:44,64.4,35.6,32.6
642999,1497825845,2017/6/18 22:44,64.4,35.6,32.6
643999,1497825846,2017/6/18 22:44,64.4,35.6,32.6
644999,1497825847,2017/6/18 22:44,64.4,35.6,32.6
645999,1497825848,2017/6/18 22:44,64.3,35.7,32.7
647000,1497825849,2017/6/18 22:44,64.3,35.7,32.7
648000,1497825850,2017/6/18 22:44,64.4,35.6,32.6
648998,1497825851,2017/6/18 22:44,64.4,35.6,32.6
650000,1497825852,2017/6/18 22:44,64.4,35.6,32.6
650999,1497825853,2017/6/18 22:44,64.4,35.6,32.6
651999,1497825854,2017/6/18 22:44,64.4,35.6,32.6
652999,1497825855,2017/6/18 22:44,64.4,35.6,32.6
653999,1497825856,2017/6/18 22:44,64.4,35.6,32.6
654999,1497825857,2017/6/18 22:44,64.3,35.7,32.7
656000,1497825858,2017/6/18 22:44,64.3,35.7,32.7
657000,1497825859,2017/6/18 22:44,64.3,35.7,32.7
657999,1497825860,2017/6/18 22:44,64.3,35.7,32.7
659000,1497825861,2017/6/18 22:44,64.3,35.7,32.7
659999,1497825862,2017/6/18 22:44,64.2,35.8,32.8
660999,1497825863,2017/6/18 22:44,64.2,35.8,32.8
661998,1497825864,2017/6/18 22:44,64.2,35.8,32.8
662999,1497825865,2017/6/18 22:44,64.2,35.8,32.8
663999,1497825866,2017/6/18 22:44,64.2,35.8,32.8
664998,1497825867,2017/6/18 22:44,64.2,35.8,32.8
665999,1497825868,2017/6/18 22:44,64.1,35.9,32.9
667000,1497825869,2017/6/18 22:44,64.1,35.9,32.9
668000,1497825870,2017/6/18 22:44,64.1,35.9,32.9
668999,1497825871,2017/6/18 22:44,64.1,35.9,32.9
669999,1497825872,2017/6/18 22:44,64.1,35.9,32.9
670999,1497825873,2017/6/18 22:44,64.1,35.9,32.9
672000,1497825874,2017/6/18 22:44,64.2,35.8,32.8
672999,1497825875,2017/6/18 22:44,64.2,35.8,32.8
673998,1497825876,2017/6/18 22:44,64.2,35.8,32.8
674999,1497825877,2017/6/18 22:44,64.2,35.8,32.8
675998,1497825878,2017/6/18 22:44,64.3,35.7,32.7
676999,1497825879,2017/6/18 22:44,64.3,35.7,32.7
677998,1497825880,2017/6/18 22:44,64.2,35.8,32.8
678999,1497825881,2017/6/18 22:44,64.2,35.8,32.8
679999,1497825882,2017/6/18 22:44,64.2,35.8,32.8
680999,1497825883,2017/6/18 22:44,64.2,35.8,32.8
682000,1497825884,2017/6/18 22:44,64.2,35.8,32.8
682999,1497825885,2017/6/18 22:44,64.2,35.8,32.8
683999,1497825886,2017/6/18 22:44,64.2,35.8,32.8
684999,1497825887,2017/6/18 22:44,64.4,35.6,32.6
685999,1497825888,2017/6/18 22:44,64.4,35.6,32.6
686999,1497825889,2017/6/18 22:44,64.4,35.6,32.6
687998,1497825890,2017/6/18 22:44,64.4,35.6,32.6
688999,1497825891,2017/6/18 22:44,64.5,35.5,32.5
689999,1497825892,2017/6/18 22:44,64.5,35.5,32.5
691000,1497825893,2017/6/18 22:44,64.5,35.5,32.5
691998,1497825894,2017/6/18 22:44,64.5,35.5,32.5
693000,1497825895,2017/6/18 22:44,64.5,35.5,32.5
693999,1497825896,2017/6/18 22:44,64.5,35.5,32.5
695000,1497825897,2017/6/18 22:44,64.5,35.5,32.5
695999,1497825898,2017/6/18 22:44,64.5,35.5,32.5
696999,1497825899,2017/6/18 22:44,64.6,35.4,32.4
697999,1497825900,2017/6/18 22:45,64.6,35.4,32.4
698999,1497825901,2017/6/18 22:45,64.6,35.4,32.4
699999,1497825902,2017/6/18 22:45,64.6,35.4,32.4
700998,1497825903,2017/6/18 22:45,64.6,35.4,32.4
702000,1497825904,2017/6/18 22:45,64.6,35.4,32.4
702999,1497825905,2017/6/18 22:45,64.6,35.4,32.4
703998,1497825906,2017/6/18 22:45,64.6,35.4,32.4
705000,1497825907,2017/6/18 22:45,64.5,35.5,32.5
705999,1497825908,2017/6/18 22:45,64.5,35.5,32.5
706999,1497825909,2017/6/18 22:45,64.5,35.5,32.5
707999,1497825910,2017/6/18 22:45,64.6,35.4,32.4
708999,1497825911,2017/6/18 22:45,64.6,35.4,32.4
709999,1497825912,2017/6/18 22:45,64.5,35.5,32.5
710999,1497825913,2017/6/18 22:45,64.5,35.5,32.5
712000,1497825914,2017/6/18 22:45,64.5,35.5,32.5
712998,1497825915,2017/6/18 22:45,64.5,35.5,32.5
713999,1497825916,2017/6/18 22:45,64.5,35.5,32.5
714998,1497825917,2017/6/18 22:45,64.5,35.5,32.5
715999,1497825918,2017/6/18 22:45,64.5,35.5,32.5
716999,1497825919,2017/6/18 22:45,64.6,35.4,32.4
717999,1497825920,2017/6/18 22:45,64.6,35.4,32.4
719000,1497825921,2017/6/18 22:45,64.6,35.4,32.4
720000,1497825922,2017/6/18 22:45,64.6,35.4,32.4
720999,1497825923,2017/6/18 22:45,64.6,35.4,32.4
721999,1497825924,2017/6/18 22:45,64.5,35.5,32.5
722999,1497825925,2017/6/18 22:45,64.5,35.5,32.5
723999,1497825926,2017/6/18 22:45,64.6,35.4,32.4
724999,1497825927,2017/6/18 22:45,64.6,35.4,32.4
725998,1497825928,2017/6/18 22:45,64.6,35.4,32.4
727000,1497825929,2017/6/18 22:45,64.6,35.4,32.4
727999,1497825930,2017/6/18 22:45,64.6,35.4,32.4
728999,1497825931,2017/6/18 22:45,64.6,35.4,32.4
729999,1497825932,2017/6/18 22:45,64.6,35.4,32.4
730999,1497825933,2017/6/18 22:45,64.6,35.4,32.4
731999,1497825934,2017/6/18 22:45,64.6,35.4,32.4
732998,1497825935,2017/6/18 22:45,64.7,35.3,32.3
733999,1497825936,2017/6/18 22:45,64.7,35.3,32.3
734999,1497825937,2017/6/18 22:45,64.6,35.4,32.4
735998,1497825938,2017/6/18 22:45,64.6,35.4,32.4
736999,1497825939,2017/6/18 22:45,64.6,35.4,32.4
737998,1497825940,2017/6/18 22:45,64.6,35.4,32.4
738999,1497825941,2017/6/18 22:45,64.6,35.4,32.4
739998,1497825942,2017/6/18 22:45,64.7,35.3,32.3
740999,1497825943,2017/6/18 22:45,64.7,35.3,32.3
741998,1497825944,2017/6/18 22:45,64.7,35.3,32.3
742999,1497825945,2017/6/18 22:45,64.7,35.3,32.3
743999,1497825946,2017/6/18 22:45,64.7,35.3,32.3
744999,1497825947,2017/6/18 22:45,64.7,35.3,32.3
745999,1497825948,2017/6/18 22:45,64.7,35.3,32.3
746998,1497825949,2017/6/18 22:45,64.7,35.3,32.3
748000,1497825950,2017/6/18 22:45,64.7,35.3,32.3
748999,1497825951,2017/6/18 22:45,64.7,35.3,32.3
749999,1497825952,2017/6/18 22:45,64.7,35.3,32.3
750999,1497825953,2017/6/18 22:45,64.7,35.3,32.3
751998,1497825954,2017/6/18 22:45,64.7,35.3,32.3
752999,1497825955,2017/6/18 22:45,64.7,35.3,32.3
753999,1497825956,2017/6/18 22:45,64.7,35.3,32.3
755000,1497825957,2017/6/18 22:45,64.7,35.3,32.3
755999,1497825958,2017/6/18 22:45,64.8,35.2,32.2
756999,1497825959,2017/6/18 22:45,64.8,35.2,32.2
757999,1497825960,2017/6/18 22:46,64.8,35.2,32.2
758999,1497825961,2017/6/18 22:46,64.8,35.2,32.2
760000,1497825962,2017/6/18 22:46,64.8,35.2,32.2
760998,1497825963,2017/6/18 22:46,64.8,35.2,32.2
761999,1497825964,2017/6/18 22:46,64.8,35.2,32.2
762999,1497825965,2017/6/18 22:46,64.8,35.2,32.2
763999,1497825966,2017/6/18 22:46,64.8,35.2,32.2
764999,1497825967,2017/6/18 22:46,64.7,35.3,32.3
765999,1497825968,2017/6/18 22:46,64.7,35.3,32.3
766999,1497825969,2017/6/18 22:46,64.7,35.3,32.3
767998,1497825970,2017/6/18 22:46,64.7,35.3,32.3
768999,1497825971,2017/6/18 22:46,64.7,35.3,32.3
769999,1497825972,2017/6/18 22:46,64.7,35.3,32.3
770999,1497825973,2017/6/18 22:46,64.7,35.3,32.3
771999,1497825974,2017/6/18 22:46,64.7,35.3,32.3
772999,1497825975,2017/6/18 22:46,64.7,35.3,32.3
773998,1497825976,2017/6/18 22:46,64.7,35.3,32.3
775000,1497825977,2017/6/18 22:46,64.7,35.3,32.3
775999,1497825978,2017/6/18 22:46,64.7,35.3,32.3
776998,1497825979,2017/6/18 22:46,64.7,35.3,32.3
777999,1497825980,2017/6/18 22:46,64.7,35.3,32.3
778998,1497825981,2017/6/18 22:46,64.8,35.2,32.2
779999,1497825982,2017/6/18 22:46,64.8,35.2,32.2
780999,1497825983,2017/6/18 22:46,64.8,35.2,32.2
781999,1497825984,2017/6/18 22:46,64.8,35.2,32.2
783000,1497825985,2017/6/18 22:46,64.8,35.2,32.2
783998,1497825986,2017/6/18 22:46,64.8,35.2,32.2
784999,1497825987,2017/6/18 22:46,64.8,35.2,32.2
785998,1497825988,2017/6/18 22:46,64.9,35.1,32.1
786999,1497825989,2017/6/18 22:46,64.9,35.1,32.1
787998,1497825990,2017/6/18 22:46,64.9,35.1,32.1
789000,1497825991,2017/6/18 22:46,64.9,35.1,32.1
789998,1497825992,2017/6/18 22:46,64.9,35.1,32.1
791000,1497825993,2017/6/18 22:46,65,35,32
791999,1497825994,2017/6/18 22:46,65,35,32
792999,1497825995,2017/6/18 22:46,65,35,32
793999,1497825996,2017/6/18 22:46,65,35,32
794999,1497825997,2017/6/18 22:46,65,35,32
795999,1497825998,2017/6/18 22:46,65,35,32
796999,1497825999,2017/6/18 22:46,65,35,32
797999,1497826000,2017/6/18 22:46,65,35,32
799000,1497826001,2017/6/18 22:46,65,35,32
799998,1497826002,2017/6/18 22:46,65,35,32
800999,1497826003,2017/6/18 22:46,65,35,32
801999,1497826004,2017/6/18 22:46,65,35,32
803000,1497826005,2017/6/18 22:46,65,35,32
803999,1497826006,2017/6/18 22:46,65,35,32
805000,1497826007,2017/6/18 22:46,65,35,32
805998,1497826008,2017/6/18 22:46,65,35,32
807000,1497826009,2017/6/18 22:46,65,35,32
807999,1497826010,2017/6/18 22:46,65,35,32
808999,1497826011,2017/6/18 22:46,65,35,32
809999,1497826012,2017/6/18 22:46,65,35,32
810999,1497826013,2017/6/18 22:46,65,35,32
811999,1497826014,2017/6/18 22:46,65,35,32
812999,1497826015,2017/6/18 22:46,65,35,32
813999,1497826016,2017/6/18 22:46,65.1,34.9,31.9
814999,1497826017,2017/6/18 22:46,65.1,34.9,31.9
816000,1497826018,2017/6/18 22:46,65,35,32
816999,1497826019,2017/6/18 22:46,65,35,32
817998,1497826020,2017/6/18 22:47,65,35,32
818999,1497826021,2017/6/18 22:47,65.1,34.9,31.9
819999,1497826022,2017/6/18 22:47,65.1,34.9,31.9
821000,1497826023,2017/6/18 22:47,65.1,34.9,31.9
821999,1497826024,2017/6/18 22:47,65.1,34.9,31.9
822999,1497826025,2017/6/18 22:47,65,35,32
823999,1497826026,2017/6/18 22:47,65,35,32
824999,1497826027,2017/6/18 22:47,65,35,32
825999,1497826028,2017/6/18 22:47,65,35,32
826999,1497826029,2017/6/18 22:47,65,35,32
827999,1497826030,2017/6/18 22:47,65,35,32
828998,1497826031,2017/6/18 22:47,65,35,32
830000,1497826032,2017/6/18 22:47,65,35,32
830999,1497826033,2017/6/18 22:47,65,35,32
831998,1497826034,2017/6/18 22:47,65,35,32
832999,1497826035,2017/6/18 22:47,65,35,32
833999,1497826036,2017/6/18 22:47,65,35,32
834999,1497826037,2017/6/18 22:47,65,35,32
835998,1497826038,2017/6/18 22:47,65,35,32
837000,1497826039,2017/6/18 22:47,65,35,32
837999,1497826040,2017/6/18 22:47,65,35,32
838999,1497826041,2017/6/18 22:47,65,35,32
839999,1497826042,2017/6/18 22:47,65,35,32
840999,1497826044,2017/6/18 22:47,65,35,32
841999,1497826045,2017/6/18 22:47,65,35,32
842998,1497826046,2017/6/18 22:47,65,35,32
844000,1497826047,2017/6/18 22:47,65.1,34.9,31.9
844999,1497826048,2017/6/18 22:47,65.1,34.9,31.9
845999,1497826049,2017/6/18 22:47,65.1,34.9,31.9
846999,1497826050,2017/6/18 22:47,65.1,34.9,31.9
848000,1497826051,2017/6/18 22:47,65.1,34.9,31.9
848999,1497826052,2017/6/18 22:47,65.1,34.9,31.9
849999,1497826053,2017/6/18 22:47,65.1,34.9,31.9
851000,1497826054,2017/6/18 22:47,65.1,34.9,31.9
851999,1497826055,2017/6/18 22:47,65.2,34.8,31.8
852999,1497826056,2017/6/18 22:47,65.2,34.8,31.8
853999,1497826057,2017/6/18 22:47,65.2,34.8,31.8
854999,1497826058,2017/6/18 22:47,65.2,34.8,31.8
855999,1497826059,2017/6/18 22:47,65.2,34.8,31.8
856999,1497826060,2017/6/18 22:47,65.2,34.8,31.8
857998,1497826061,2017/6/18 22:47,65.2,34.8,31.8
858998,1497826062,2017/6/18 22:47,65.2,34.8,31.8
859999,1497826063,2017/6/18 22:47,65.2,34.8,31.8
860999,1497826064,2017/6/18 22:47,65.2,34.8,31.8
861999,1497826065,2017/6/18 22:47,65.2,34.8,31.8
862999,1497826066,2017/6/18 22:47,65.3,34.7,31.7
863998,1497826067,2017/6/18 22:47,65.3,34.7,31.7
865000,1497826068,2017/6/18 22:47,65.3,34.7,31.7
865999,1497826069,2017/6/18 22:47,65.3,34.7,31.7
867000,1497826070,2017/6/18 22:47,65.3,34.7,31.7
867999,1497826071,2017/6/18 22:47,65.3,34.7,31.7
868999,1497826072,2017/6/18 22:47,65.3,34.7,31.7
869999,1497826073,2017/6/18 22:47,65.4,34.6,31.6
870999,1497826074,2017/6/18 22:47,65.4,34.6,31.6
871999,1497826075,2017/6/18 22:47,65.4,34.6,31.6
872998,1497826076,2017/6/18 22:47,65.4,34.6,31.6
873999,1497826077,2017/6/18 22:47,65.4,34.6,31.6
874999,1497826078,2017/6/18 22:47,65.4,34.6,31.6
875999,1497826079,2017/6/18 22:47,65.4,34.6,31.6
876999,1497826080,2017/6/18 22:48,65.5,34.5,31.5
877999,1497826081,2017/6/18 22:48,65.5,34.5,31.5
878999,1497826082,2017/6/18 22:48,65.5,34.5,31.5
880000,1497826083,2017/6/18 22:48,65.4,34.6,31.6
880999,1497826084,2017/6/18 22:48,65.4,34.6,31.6
881998,1497826085,2017/6/18 22:48,65.4,34.6,31.6
882999,1497826086,2017/6/18 22:48,65.4,34.6,31.6
883999,1497826087,2017/6/18 22:48,65.4,34.6,31.6
884999,1497826088,2017/6/18 22:48,65.4,34.6,31.6
885998,1497826089,2017/6/18 22:48,65.4,34.6,31.6
886999,1497826090,2017/6/18 22:48,65.4,34.6,31.6
887999,1497826091,2017/6/18 22:48,65.5,34.5,31.5
888998,1497826092,2017/6/18 22:48,65.5,34.5,31.5
889999,1497826093,2017/6/18 22:48,65.5,34.5,31.5
890999,1497826094,2017/6/18 22:48,65.5,34.5,31.5
891999,1497826095,2017/6/18 22:48,65.5,34.5,31.5
892999,1497826096,2017/6/18 22:48,65.5,34.5,31.5
893999,1497826097,2017/6/18 22:48,65.5,34.5,31.5
894999,1497826098,2017/6/18 22:48,65.5,34.5,31.5
895998,1497826099,2017/6/18 22:48,65.5,34.5,31.5
897000,1497826100,2017/6/18 22:48,65.5,34.5,31.5
897999,1497826101,2017/6/18 22:48,65.5,34.5,31.5
899000,1497826102,2017/6/18 22:48,65.5,34.5,31.5
899999,1497826103,2017/6/18 22:48,65.5,34.5,31.5
900999,1497826104,2017/6/18 22:48,65.5,34.5,31.5
901999,1497826105,2017/6/18 22:48,65.4,34.6,31.6
902999,1497826106,2017/6/18 22:48,65.4,34.6,31.6
904000,1497826107,2017/6/18 22:48,65.4,34.6,31.6
904999,1497826108,2017/6/18 22:48,65.4,34.6,31.6
905999,1497826109,2017/6/18 22:48,65.4,34.6,31.6
906999,1497826110,2017/6/18 22:48,65.3,34.7,31.7
907999,1497826111,2017/6/18 22:48,65.3,34.7,31.7
908999,1497826112,2017/6/18 22:48,65.4,34.6,31.6
910000,1497826113,2017/6/18 22:48,65.4,34.6,31.6
910998,1497826114,2017/6/18 22:48,65.4,34.6,31.6
912000,1497826115,2017/6/18 22:48,65.4,34.6,31.6
912999,1497826116,2017/6/18 22:48,65.4,34.6,31.6
913999,1497826117,2017/6/18 22:48,65.4,34.6,31.6
914999,1497826118,2017/6/18 22:48,65.4,34.6,31.6
915999,1497826119,2017/6/18 22:48,65.5,34.5,31.5
916999,1497826120,2017/6/18 22:48,65.5,34.5,31.5
917998,1497826121,2017/6/18 22:48,65.5,34.5,31.5
919000,1497826122,2017/6/18 22:48,65.5,34.5,31.5
919999,1497826123,2017/6/18 22:48,65.5,34.5,31.5
920998,1497826124,2017/6/18 22:48,65.4,34.6,31.6
922000,1497826125,2017/6/18 22:48,65.4,34.6,31.6
922998,1497826126,2017/6/18 22:48,65.5,34.5,31.5
923999,1497826127,2017/6/18 22:48,65.5,34.5,31.5
924998,1497826128,2017/6/18 22:48,65.5,34.5,31.5
926000,1497826129,2017/6/18 22:48,65.5,34.5,31.5
926999,1497826130,2017/6/18 22:48,65.5,34.5,31.5
927998,1497826131,2017/6/18 22:48,65.5,34.5,31.5
929000,1497826132,2017/6/18 22:48,65.5,34.5,31.5
929999,1497826133,2017/6/18 22:48,65.5,34.5,31.5
930998,1497826134,2017/6/18 22:48,65.6,34.4,31.4
931999,1497826135,2017/6/18 22:48,65.6,34.4,31.4
932999,1497826136,2017/6/18 22:48,65.6,34.4,31.4
933999,1497826137,2017/6/18 22:48,65.6,34.4,31.4
935000,1497826138,2017/6/18 22:48,65.6,34.4,31.4
935999,1497826139,2017/6/18 22:48,65.6,34.4,31.4
936998,1497826140,2017/6/18 22:49,65.6,34.4,31.4
937999,1497826141,2017/6/18 22:49,65.6,34.4,31.4
938999,1497826142,2017/6/18 22:49,65.6,34.4,31.4
940000,1497826143,2017/6/18 22:49,65.6,34.4,31.4
940999,1497826144,2017/6/18 22:49,65.6,34.4,31.4
941999,1497826145,2017/6/18 22:49,65.6,34.4,31.4
942999,1497826146,2017/6/18 22:49,65.6,34.4,31.4
944000,1497826147,2017/6/18 22:49,65.6,34.4,31.4
944999,1497826148,2017/6/18 22:49,65.7,34.3,31.3
945999,1497826149,2017/6/18 22:49,65.7,34.3,31.3
947000,1497826150,2017/6/18 22:49,65.7,34.3,31.3
947999,1497826151,2017/6/18 22:49,65.7,34.3,31.3
949000,1497826152,2017/6/18 22:49,65.7,34.3,31.3
950000,1497826153,2017/6/18 22:49,65.7,34.3,31.3
951000,1497826154,2017/6/18 22:49,65.7,34.3,31.3
952000,1497826155,2017/6/18 22:49,65.7,34.3,31.3
952999,1497826156,2017/6/18 22:49,65.7,34.3,31.3
953999,1497826157,2017/6/18 22:49,65.6,34.4,31.4
955000,1497826158,2017/6/18 22:49,65.6,34.4,31.4
955999,1497826159,2017/6/18 22:49,65.7,34.3,31.3
956999,1497826160,2017/6/18 22:49,65.7,34.3,31.3
957999,1497826161,2017/6/18 22:49,65.7,34.3,31.3
958999,1497826162,2017/6/18 22:49,65.7,34.3,31.3
959998,1497826163,2017/6/18 22:49,65.7,34.3,31.3
960999,1497826164,2017/6/18 22:49,65.7,34.3,31.3
961998,1497826165,2017/6/18 22:49,65.7,34.3,31.3
962999,1497826166,2017/6/18 22:49,65.7,34.3,31.3
963999,1497826167,2017/6/18 22:49,65.7,34.3,31.3
964999,1497826168,2017/6/18 22:49,65.7,34.3,31.3
965999,1497826169,2017/6/18 22:49,65.7,34.3,31.3
967000,1497826170,2017/6/18 22:49,65.7,34.3,31.3
967999,1497826171,2017/6/18 22:49,65.7,34.3,31.3
968999,1497826172,2017/6/18 22:49,65.7,34.3,31.3
970000,1497826173,2017/6/18 22:49,65.7,34.3,31.3
970999,1497826174,2017/6/18 22:49,65.7,34.3,31.3
972000,1497826175,2017/6/18 22:49,65.7,34.3,31.3
972999,1497826176,2017/6/18 22:49,65.8,34.2,31.2
973999,1497826177,2017/6/18 22:49,65.8,34.2,31.2
974999,1497826178,2017/6/18 22:49,65.8,34.2,31.2
975998,1497826179,2017/6/18 22:49,65.8,34.2,31.2
976999,1497826180,2017/6/18 22:49,65.8,34.2,31.2
977998,1497826181,2017/6/18 22:49,65.8,34.2,31.2
978999,1497826182,2017/6/18 22:49,65.8,34.2,31.2
979998,1497826183,2017/6/18 22:49,65.8,34.2,31.2
980999,1497826184,2017/6/18 22:49,65.8,34.2,31.2
981998,1497826185,2017/6/18 22:49,65.8,34.2,31.2
982999,1497826186,2017/6/18 22:49,65.8,34.2,31.2
983999,1497826187,2017/6/18 22:49,65.8,34.2,31.2
984998,1497826188,2017/6/18 22:49,65.7,34.3,31.3
985999,1497826189,2017/6/18 22:49,65.7,34.3,31.3
986998,1497826190,2017/6/18 22:49,65.7,34.3,31.3
987999,1497826191,2017/6/18 22:49,65.7,34.3,31.3
988999,1497826192,2017/6/18 22:49,65.7,34.3,31.3
989999,1497826193,2017/6/18 22:49,65.7,34.3,31.3
990999,1497826194,2017/6/18 22:49,65.7,34.3,31.3
991998,1497826195,2017/6/18 22:49,65.9,34.1,31.1
993000,1497826196,2017/6/18 22:49,65.9,34.1,31.1
993999,1497826197,2017/6/18 22:49,65.8,34.2,31.2
995000,1497826198,2017/6/18 22:49,65.8,34.2,31.2
995999,1497826199,2017/6/18 22:49,65.9,34.1,31.1
997000,1497826200,2017/6/18 22:50,65.9,34.1,31.1
997998,1497826201,2017/6/18 22:50,65.9,34.1,31.1
998999,1497826202,2017/6/18 22:50,65.9,34.1,31.1
999999,1497826203,2017/6/18 22:50,65.9,34.1,31.1
1000999,1497826204,2017/6/18 22:50,65.9,34.1,31.1
1001999,1497826205,2017/6/18 22:50,65.9,34.1,31.1
1002998,1497826206,2017/6/18 22:50,65.9,34.1,31.1
1003999,1497826207,2017/6/18 22:50,65.9,34.1,31.1
1004998,1497826208,2017/6/18 22:50,65.9,34.1,31.1
1005999,1497826209,2017/6/18 22:50,65.9,34.1,31.1
1006999,1497826210,2017/6/18 22:50,65.9,34.1,31.1
1008000,1497826211,2017/6/18 22:50,65.9,34.1,31.1
1009000,1497826212,2017/6/18 22:50,65.9,34.1,31.1
1009999,1497826213,2017/6/18 22:50,65.9,34.1,31.1
1010999,1497826214,2017/6/18 22:50,65.9,34.1,31.1
1011998,1497826215,2017/6/18 22:50,65.9,34.1,31.1
1012999,1497826216,2017/6/18 22:50,65.9,34.1,31.1
1013999,1497826217,2017/6/18 22:50,65.9,34.1,31.1
1014999,1497826218,2017/6/18 22:50,65.9,34.1,31.1
1015999,1497826219,2017/6/18 22:50,65.9,34.1,31.1
1016999,1497826220,2017/6/18 22:50,65.9,34.1,31.1
1018000,1497826221,2017/6/18 22:50,65.9,34.1,31.1
1018999,1497826222,2017/6/18 22:50,65.9,34.1,31.1
1020000,1497826223,2017/6/18 22:50,65.9,34.1,31.1
1020998,1497826224,2017/6/18 22:50,65.9,34.1,31.1
1021999,1497826225,2017/6/18 22:50,65.9,34.1,31.1
1022999,1497826226,2017/6/18 22:50,65.9,34.1,31.1
1023998,1497826227,2017/6/18 22:50,65.9,34.1,31.1
1025000,1497826228,2017/6/18 22:50,65.9,34.1,31.1
1025999,1497826229,2017/6/18 22:50,65.9,34.1,31.1
1026999,1497826230,2017/6/18 22:50,65.9,34.1,31.1
1027999,1497826231,2017/6/18 22:50,65.9,34.1,31.1
1028999,1497826232,2017/6/18 22:50,65.9,34.1,31.1
1029999,1497826233,2017/6/18 22:50,65.9,34.1,31.1
1030999,1497826234,2017/6/18 22:50,65.9,34.1,31.1
1032000,1497826235,2017/6/18 22:50,66,34,31
1032998,1497826236,2017/6/18 22:50,66,34,31
1033999,1497826237,2017/6/18 22:50,66,34,31
1034998,1497826238,2017/6/18 22:50,66,34,31
1035999,1497826239,2017/6/18 22:50,66,34,31
1036998,1497826240,2017/6/18 22:50,66,34,31
1037999,1497826241,2017/6/18 22:50,66,34,31
1038999,1497826242,2017/6/18 22:50,66,34,31
1039998,1497826243,2017/6/18 22:50,66,34,31
1040999,1497826244,2017/6/18 22:50,66,34,31
1041999,1497826245,2017/6/18 22:50,66,34,31
1043000,1497826246,2017/6/18 22:50,66,34,31
1043999,1497826247,2017/6/18 22:50,66,34,31
1044999,1497826248,2017/6/18 22:50,66,34,31
1045998,1497826249,2017/6/18 22:50,66,34,31
1046999,1497826250,2017/6/18 22:50,66,34,31
1047999,1497826251,2017/6/18 22:50,66,34,31
1048998,1497826252,2017/6/18 22:50,66,34,31
1049999,1497826253,2017/6/18 22:50,66,34,31
1050999,1497826254,2017/6/18 22:50,66,34,31
1051999,1497826255,2017/6/18 22:50,66,34,31
1052999,1497826256,2017/6/18 22:50,66,34,31
1054000,1497826257,2017/6/18 22:50,66,34,31
1054999,1497826258,2017/6/18 22:50,66,34,31
1055998,1497826259,2017/6/18 22:50,66,34,31
1056999,1497826260,2017/6/18 22:51,66,34,31
1057999,1497826261,2017/6/18 22:51,66.1,33.9,30.9
1058999,1497826262,2017/6/18 22:51,66.1,33.9,30.9
1059999,1497826263,2017/6/18 22:51,66.1,33.9,30.9
1061000,1497826264,2017/6/18 22:51,66.1,33.9,30.9
1061999,1497826265,2017/6/18 22:51,66.1,33.9,30.9
1062999,1497826266,2017/6/18 22:51,66,34,31
1064000,1497826267,2017/6/18 22:51,66,34,31
1064998,1497826268,2017/6/18 22:51,66,34,31
1065999,1497826269,2017/6/18 22:51,66,34,31
1066999,1497826270,2017/6/18 22:51,66,34,31
1067999,1497826271,2017/6/18 22:51,66,34,31
1068998,1497826272,2017/6/18 22:51,66.1,33.9,30.9
1069999,1497826273,2017/6/18 22:51,66.1,33.9,30.9
1071000,1497826274,2017/6/18 22:51,66.1,33.9,30.9
1072000,1497826275,2017/6/18 22:51,66.1,33.9,30.9
1072999,1497826276,2017/6/18 22:51,66.1,33.9,30.9
1073998,1497826277,2017/6/18 22:51,66.1,33.9,30.9
1074998,1497826278,2017/6/18 22:51,66.1,33.9,30.9
1075999,1497826279,2017/6/18 22:51,66.1,33.9,30.9
1077000,1497826280,2017/6/18 22:51,66.2,33.8,30.8
1077999,1497826281,2017/6/18 22:51,66.2,33.8,30.8
1079000,1497826282,2017/6/18 22:51,66.2,33.8,30.8
1079999,1497826283,2017/6/18 22:51,66.2,33.8,30.8
1080999,1497826284,2017/6/18 22:51,66.2,33.8,30.8
1081999,1497826285,2017/6/18 22:51,66.2,33.8,30.8
1082999,1497826286,2017/6/18 22:51,66.1,33.9,30.9
1083999,1497826287,2017/6/18 22:51,66.1,33.9,30.9
1084999,1497826288,2017/6/18 22:51,66.1,33.9,30.9
1086000,1497826289,2017/6/18 22:51,66.1,33.9,30.9
1087000,1497826290,2017/6/18 22:51,66.1,33.9,30.9
1087998,1497826291,2017/6/18 22:51,66.1,33.9,30.9
1089000,1497826292,2017/6/18 22:51,66.1,33.9,30.9
1089998,1497826293,2017/6/18 22:51,66.1,33.9,30.9
1090999,1497826294,2017/6/18 22:51,66.1,33.9,30.9
1091998,1497826295,2017/6/18 22:51,66.1,33.9,30.9
1092999,1497826296,2017/6/18 22:51,66.1,33.9,30.9
1093999,1497826297,2017/6/18 22:51,66.1,33.9,30.9
1095000,1497826298,2017/6/18 22:51,66.1,33.9,30.9
1096000,1497826299,2017/6/18 22:51,66.1,33.9,30.9
1096998,1497826300,2017/6/18 22:51,66.1,33.9,30.9
1097999,1497826301,2017/6/18 22:51,66.1,33.9,30.9
1098998,1497826302,2017/6/18 22:51,66.2,33.8,30.8
1099999,1497826303,2017/6/18 22:51,66.2,33.8,30.8
1100999,1497826304,2017/6/18 22:51,66.2,33.8,30.8
1101999,1497826305,2017/6/18 22:51,66.2,33.8,30.8
1103000,1497826306,2017/6/18 22:51,66.2,33.8,30.8
1103998,1497826307,2017/6/18 22:51,66.2,33.8,30.8
1105000,1497826308,2017/6/18 22:51,66.2,33.8,30.8
1105999,1497826309,2017/6/18 22:51,66.2,33.8,30.8
1107000,1497826310,2017/6/18 22:51,66.2,33.8,30.8
1107998,1497826311,2017/6/18 22:51,66.1,33.9,30.9
1108999,1497826312,2017/6/18 22:51,66.1,33.9,30.9
1109999,1497826313,2017/6/18 22:51,66.2,33.8,30.8
1110999,1497826314,2017/6/18 22:51,66.2,33.8,30.8
1112000,1497826315,2017/6/18 22:51,66.2,33.8,30.8
1112998,1497826316,2017/6/18 22:51,66.2,33.8,30.8
1113999,1497826317,2017/6/18 22:51,66.2,33.8,30.8
1114999,1497826318,2017/6/18 22:51,66.1,33.9,30.9
1116000,1497826319,2017/6/18 22:51,66.1,33.9,30.9
1116998,1497826320,2017/6/18 22:52,66.1,33.9,30.9
1118000,1497826321,2017/6/18 22:52,66.1,33.9,30.9
1118999,1497826322,2017/6/18 22:52,66.1,33.9,30.9
1120000,1497826323,2017/6/18 22:52,66.1,33.9,30.9
1120999,1497826324,2017/6/18 22:52,66.1,33.9,30.9
1121999,1497826325,2017/6/18 22:52,66.2,33.8,30.8
1122999,1497826326,2017/6/18 22:52,66.2,33.8,30.8
1123999,1497826327,2017/6/18 22:52,66.2,33.8,30.8
1124999,1497826328,2017/6/18 22:52,66.2,33.8,30.8
1125999,1497826329,2017/6/18 22:52,66.2,33.8,30.8
1126999,1497826330,2017/6/18 22:52,66.2,33.8,30.8
1127999,1497826331,2017/6/18 22:52,66.2,33.8,30.8
1128999,1497826332,2017/6/18 22:52,66.2,33.8,30.8
1129999,1497826333,2017/6/18 22:52,66.2,33.8,30.8
1130998,1497826334,2017/6/18 22:52,66.2,33.8,30.8
1131999,1497826335,2017/6/18 22:52,66.2,33.8,30.8
1132999,1497826336,2017/6/18 22:52,66.2,33.8,30.8
1133999,1497826337,2017/6/18 22:52,66.2,33.8,30.8
1135000,1497826338,2017/6/18 22:52,66.2,33.8,30.8
1135998,1497826339,2017/6/18 22:52,66.2,33.8,30.8
1137000,1497826340,2017/6/18 22:52,66.2,33.8,30.8
1137999,1497826341,2017/6/18 22:52,66.2,33.8,30.8
1138999,1497826342,2017/6/18 22:52,66.2,33.8,30.8
1139998,1497826343,2017/6/18 22:52,66.2,33.8,30.8
1140999,1497826344,2017/6/18 22:52,66.2,33.8,30.8
1141999,1497826345,2017/6/18 22:52,66.2,33.8,30.8
1142999,1497826346,2017/6/18 22:52,66.2,33.8,30.8
1143999,1497826347,2017/6/18 22:52,66.3,33.7,30.7
1144998,1497826348,2017/6/18 22:52,66.3,33.7,30.7
1146000,1497826349,2017/6/18 22:52,66.3,33.7,30.7
1146999,1497826350,2017/6/18 22:52,66.3,33.7,30.7
1148000,1497826351,2017/6/18 22:52,66.3,33.7,30.7
1148999,1497826352,2017/6/18 22:52,66.3,33.7,30.7
1149999,1497826353,2017/6/18 22:52,66.3,33.7,30.7
1151000,1497826354,2017/6/18 22:52,66.3,33.7,30.7
1152000,1497826355,2017/6/18 22:52,66.3,33.7,30.7
1152999,1497826356,2017/6/18 22:52,66.3,33.7,30.7
1153999,1497826357,2017/6/18 22:52,66.3,33.7,30.7
1154999,1497826358,2017/6/18 22:52,66.3,33.7,30.7
1155999,1497826359,2017/6/18 22:52,66.4,33.6,30.6
1156999,1497826360,2017/6/18 22:52,66.4,33.6,30.6
1157999,1497826361,2017/6/18 22:52,66.3,33.7,30.7
1158999,1497826362,2017/6/18 22:52,66.3,33.7,30.7
1159999,1497826363,2017/6/18 22:52,66.3,33.7,30.7
1160999,1497826364,2017/6/18 22:52,66.3,33.7,30.7
1161999,1497826365,2017/6/18 22:52,66.3,33.7,30.7
1162999,1497826366,2017/6/18 22:52,66.3,33.7,30.7
1163999,1497826367,2017/6/18 22:52,66.3,33.7,30.7
1164999,1497826368,2017/6/18 22:52,66.4,33.6,30.6
1165999,1497826369,2017/6/18 22:52,66.4,33.6,30.6
1166999,1497826370,2017/6/18 22:52,66.4,33.6,30.6
1167998,1497826371,2017/6/18 22:52,66.4,33.6,30.6
1168999,1497826372,2017/6/18 22:52,66.5,33.5,30.5
1169999,1497826373,2017/6/18 22:52,66.5,33.5,30.5
1171000,1497826374,2017/6/18 22:52,66.5,33.5,30.5
1172000,1497826375,2017/6/18 22:52,66.5,33.5,30.5
1172999,1497826376,2017/6/18 22:52,66.5,33.5,30.5
1173999,1497826377,2017/6/18 22:52,66.5,33.5,30.5
1174999,1497826378,2017/6/18 22:52,66.5,33.5,30.5
1176000,1497826379,2017/6/18 22:52,66.6,33.4,30.4
1176998,1497826380,2017/6/18 22:53,66.6,33.4,30.4
1177999,1497826381,2017/6/18 22:53,66.6,33.4,30.4
1178999,1497826382,2017/6/18 22:53,66.6,33.4,30.4
1179999,1497826383,2017/6/18 22:53,66.6,33.4,30.4
1180999,1497826384,2017/6/18 22:53,66.6,33.4,30.4
1181999,1497826385,2017/6/18 22:53,66.6,33.4,30.4
1182999,1497826386,2017/6/18 22:53,66.6,33.4,30.4
1184000,1497826387,2017/6/18 22:53,66.6,33.4,30.4
1184999,1497826388,2017/6/18 22:53,66.6,33.4,30.4
1185999,1497826389,2017/6/18 22:53,66.6,33.4,30.4
1186999,1497826390,2017/6/18 22:53,66.6,33.4,30.4
1187999,1497826391,2017/6/18 22:53,66.6,33.4,30.4
1189000,1497826392,2017/6/18 22:53,66.6,33.4,30.4
1189999,1497826393,2017/6/18 22:53,66.6,33.4,30.4
1191000,1497826394,2017/6/18 22:53,66.6,33.4,30.4
1191999,1497826395,2017/6/18 22:53,66.6,33.4,30.4
1192999,1497826396,2017/6/18 22:53,66.5,33.5,30.5
1193999,1497826397,2017/6/18 22:53,66.5,33.5,30.5
1194998,1497826398,2017/6/18 22:53,66.5,33.5,30.5
1196000,1497826399,2017/6/18 22:53,66.5,33.5,30.5
1196999,1497826400,2017/6/18 22:53,66.5,33.5,30.5
1198000,1497826401,2017/6/18 22:53,66.5,33.5,30.5
1199000,1497826402,2017/6/18 22:53,66.5,33.5,30.5
1199998,1497826403,2017/6/18 22:53,66.5,33.5,30.5
1200999,1497826404,2017/6/18 22:53,66.6,33.4,30.4
1201998,1497826405,2017/6/18 22:53,66.6,33.4,30.4
1203000,1497826406,2017/6/18 22:53,66.6,33.4,30.4
1203998,1497826407,2017/6/18 22:53,66.5,33.5,30.5
1204999,1497826408,2017/6/18 22:53,66.5,33.5,30.5
1205998,1497826409,2017/6/18 22:53,66.5,33.5,30.5
1206999,1497826410,2017/6/18 22:53,66.5,33.5,30.5
1208000,1497826411,2017/6/18 22:53,66.4,33.6,30.6
1208998,1497826412,2017/6/18 22:53,66.4,33.6,30.6
1210000,1497826413,2017/6/18 22:53,66.5,33.5,30.5
1211000,1497826414,2017/6/18 22:53,66.5,33.5,30.5
1211999,1497826415,2017/6/18 22:53,66.5,33.5,30.5
1212999,1497826416,2017/6/18 22:53,66.4,33.6,30.6
1213999,1497826417,2017/6/18 22:53,66.4,33.6,30.6
1214999,1497826418,2017/6/18 22:53,66.4,33.6,30.6
1215998,1497826419,2017/6/18 22:53,66.4,33.6,30.6
1216999,1497826420,2017/6/18 22:53,66.5,33.5,30.5
1217999,1497826421,2017/6/18 22:53,66.5,33.5,30.5
1218999,1497826422,2017/6/18 22:53,66.5,33.5,30.5
1219999,1497826423,2017/6/18 22:53,66.5,33.5,30.5
1220999,1497826424,2017/6/18 22:53,66.5,33.5,30.5
1221998,1497826425,2017/6/18 22:53,66.5,33.5,30.5
1222999,1497826426,2017/6/18 22:53,66.5,33.5,30.5
1224000,1497826427,2017/6/18 22:53,66.5,33.5,30.5
1224999,1497826428,2017/6/18 22:53,66.6,33.4,30.4
1225999,1497826429,2017/6/18 22:53,66.6,33.4,30.4
1226999,1497826430,2017/6/18 22:53,66.6,33.4,30.4
1228000,1497826431,2017/6/18 22:53,66.6,33.4,30.4
1228998,1497826432,2017/6/18 22:53,66.6,33.4,30.4
1229999,1497826433,2017/6/18 22:53,66.6,33.4,30.4
1230999,1497826434,2017/6/18 22:53,66.6,33.4,30.4
1231998,1497826435,2017/6/18 22:53,66.6,33.4,30.4
1232999,1497826436,2017/6/18 22:53,66.6,33.4,30.4
1233998,1497826437,2017/6/18 22:53,66.6,33.4,30.4
1234999,1497826438,2017/6/18 22:53,66.6,33.4,30.4
1235999,1497826439,2017/6/18 22:53,66.6,33.4,30.4
1236999,1497826440,2017/6/18 22:54,66.6,33.4,30.4
1237999,1497826441,2017/6/18 22:54,66.6,33.4,30.4
1238999,1497826442,2017/6/18 22:54,66.6,33.4,30.4
1240000,1497826443,2017/6/18 22:54,66.6,33.4,30.4
1240998,1497826444,2017/6/18 22:54,66.6,33.4,30.4
1241999,1497826445,2017/6/18 22:54,66.6,33.4,30.4
1242999,1497826446,2017/6/18 22:54,66.6,33.4,30.4
1243999,1497826447,2017/6/18 22:54,66.6,33.4,30.4
1244999,1497826448,2017/6/18 22:54,66.6,33.4,30.4
1245999,1497826449,2017/6/18 22:54,66.6,33.4,30.4
1246999,1497826450,2017/6/18 22:54,66.6,33.4,30.4
1248000,1497826451,2017/6/18 22:54,66.6,33.4,30.4
1249000,1497826452,2017/6/18 22:54,66.7,33.3,30.3
1250000,1497826453,2017/6/18 22:54,66.7,33.3,30.3
1251000,1497826454,2017/6/18 22:54,66.7,33.3,30.3
1251998,1497826455,2017/6/18 22:54,66.7,33.3,30.3
1252999,1497826456,2017/6/18 22:54,66.7,33.3,30.3
1253999,1497826457,2017/6/18 22:54,66.6,33.4,30.4
1255000,1497826458,2017/6/18 22:54,66.6,33.4,30.4
1255999,1497826459,2017/6/18 22:54,66.6,33.4,30.4
1256999,1497826460,2017/6/18 22:54,66.6,33.4,30.4
1257999,1497826461,2017/6/18 22:54,66.6,33.4,30.4
1258998,1497826462,2017/6/18 22:54,66.6,33.4,30.4
1259999,1497826463,2017/6/18 22:54,66.6,33.4,30.4
1260998,1497826464,2017/6/18 22:54,66.6,33.4,30.4
1261999,1497826465,2017/6/18 22:54,66.6,33.4,30.4
1262999,1497826466,2017/6/18 22:54,66.6,33.4,30.4
1263998,1497826467,2017/6/18 22:54,66.6,33.4,30.4
1264999,1497826468,2017/6/18 22:54,66.7,33.3,30.3
1265998,1497826469,2017/6/18 22:54,66.7,33.3,30.3
1266999,1497826470,2017/6/18 22:54,66.7,33.3,30.3
1267999,1497826471,2017/6/18 22:54,66.7,33.3,30.3
1268999,1497826472,2017/6/18 22:54,66.7,33.3,30.3
1269998,1497826473,2017/6/18 22:54,66.7,33.3,30.3
1271000,1497826474,2017/6/18 22:54,66.7,33.3,30.3
1272000,1497826475,2017/6/18 22:54,66.7,33.3,30.3
1272999,1497826476,2017/6/18 22:54,66.7,33.3,30.3
1274000,1497826477,2017/6/18 22:54,66.7,33.3,30.3
1274999,1497826478,2017/6/18 22:54,66.7,33.3,30.3
1276000,1497826479,2017/6/18 22:54,66.7,33.3,30.3
1276999,1497826480,2017/6/18 22:54,66.7,33.3,30.3
1277999,1497826481,2017/6/18 22:54,66.7,33.3,30.3
1279000,1497826482,2017/6/18 22:54,66.7,33.3,30.3
1279998,1497826483,2017/6/18 22:54,66.7,33.3,30.3
1280999,1497826484,2017/6/18 22:54,66.7,33.3,30.3
1281999,1497826485,2017/6/18 22:54,66.7,33.3,30.3
1282999,1497826486,2017/6/18 22:54,66.7,33.3,30.3
1283998,1497826487,2017/6/18 22:54,66.7,33.3,30.3
1285000,1497826488,2017/6/18 22:54,66.7,33.3,30.3
1285999,1497826490,2017/6/18 22:54,66.7,33.3,30.3
1287000,1497826491,2017/6/18 22:54,66.7,33.3,30.3
1288000,1497826492,2017/6/18 22:54,66.7,33.3,30.3
1288999,1497826493,2017/6/18 22:54,66.7,33.3,30.3
1289999,1497826494,2017/6/18 22:54,66.7,33.3,30.3
1290998,1497826495,2017/6/18 22:54,66.7,33.3,30.3
1291999,1497826496,2017/6/18 22:54,66.7,33.3,30.3
1292998,1497826497,2017/6/18 22:54,66.7,33.3,30.3
1293999,1497826498,2017/6/18 22:54,66.7,33.3,30.3
1294999,1497826499,2017/6/18 22:54,66.7,33.3,30.3
1296000,1497826500,2017/6/18 22:55,66.7,33.3,30.3
1296999,1497826501,2017/6/18 22:55,66.7,33.3,30.3
1297998,1497826502,2017/6/18 22:55,66.7,33.3,30.3
1298999,1497826503,2017/6/18 22:55,66.7,33.3,30.3
1299998,1497826504,2017/6/18 22:55,66.6,33.4,30.4
1301000,1497826505,2017/6/18 22:55,66.6,33.4,30.4
1301998,1497826506,2017/6/18 22:55,66.6,33.4,30.4
1303000,1497826507,2017/6/18 22:55,66.6,33.4,30.4
1304000,1497826508,2017/6/18 22:55,66.7,33.3,30.3
1304999,1497826509,2017/6/18 22:55,66.7,33.3,30.3
1306000,1497826510,2017/6/18 22:55,66.7,33.3,30.3
1306999,1497826511,2017/6/18 22:55,66.7,33.3,30.3
1308000,1497826512,2017/6/18 22:55,66.7,33.3,30.3
1308999,1497826513,2017/6/18 22:55,66.7,33.3,30.3
1310000,1497826514,2017/6/18 22:55,66.7,33.3,30.3
1310999,1497826515,2017/6/18 22:55,66.7,33.3,30.3
1311998,1497826516,2017/6/18 22:55,66.7,33.3,30.3
1312999,1497826517,2017/6/18 22:55,66.7,33.3,30.3
1314000,1497826518,2017/6/18 22:55,66.7,33.3,30.3
1315000,1497826519,2017/6/18 22:55,66.7,33.3,30.3
1315999,1497826520,2017/6/18 22:55,66.7,33.3,30.3
1316999,1497826521,2017/6/18 22:55,66.7,33.3,30.3
1317998,1497826522,2017/6/18 22:55,66.6,33.4,30.4
1318999,1497826523,2017/6/18 22:55,66.6,33.4,30.4
1319999,1497826524,2017/6/18 22:55,66.6,33.4,30.4
1320999,1497826525,2017/6/18 22:55,66.7,33.3,30.3
1321999,1497826526,2017/6/18 22:55,66.7,33.3,30.3
1322999,1497826527,2017/6/18 22:55,66.7,33.3,30.3
1323999,1497826528,2017/6/18 22:55,66.7,33.3,30.3
1324998,1497826529,2017/6/18 22:55,66.7,33.3,30.3
1325999,1497826530,2017/6/18 22:55,66.7,33.3,30.3
1326999,1497826531,2017/6/18 22:55,66.7,33.3,30.3
1327998,1497826532,2017/6/18 22:55,66.7,33.3,30.3
1328999,1497826533,2017/6/18 22:55,66.7,33.3,30.3
1329999,1497826534,2017/6/18 22:55,66.7,33.3,30.3
1331000,1497826535,2017/6/18 22:55,66.7,33.3,30.3
1331999,1497826536,2017/6/18 22:55,66.7,33.3,30.3
1332999,1497826537,2017/6/18 22:55,66.7,33.3,30.3
1333998,1497826538,2017/6/18 22:55,66.7,33.3,30.3
1335000,1497826539,2017/6/18 22:55,66.7,33.3,30.3
1336000,1497826540,2017/6/18 22:55,66.7,33.3,30.3
1336998,1497826541,2017/6/18 22:55,66.7,33.3,30.3
1337999,1497826542,2017/6/18 22:55,66.7,33.3,30.3
1338999,1497826543,2017/6/18 22:55,66.8,33.2,30.2
1339999,1497826544,2017/6/18 22:55,66.8,33.2,30.2
1340999,1497826545,2017/6/18 22:55,66.8,33.2,30.2
1341999,1497826546,2017/6/18 22:55,66.8,33.2,30.2
1343000,1497826547,2017/6/18 22:55,66.8,33.2,30.2
1343998,1497826548,2017/6/18 22:55,66.8,33.2,30.2
1344999,1497826549,2017/6/18 22:55,66.7,33.3,30.3
1345999,1497826550,2017/6/18 22:55,66.7,33.3,30.3
1347000,1497826551,2017/6/18 22:55,66.7,33.3,30.3
1347999,1497826552,2017/6/18 22:55,66.8,33.2,30.2
1348999,1497826553,2017/6/18 22:55,66.8,33.2,30.2
1349999,1497826554,2017/6/18 22:55,66.8,33.2,30.2
1350999,1497826555,2017/6/18 22:55,66.8,33.2,30.2
1351999,1497826556,2017/6/18 22:55,66.8,33.2,30.2
1352999,1497826557,2017/6/18 22:55,66.7,33.3,30.3
1353999,1497826558,2017/6/18 22:55,66.7,33.3,30.3
1354999,1497826559,2017/6/18 22:55,66.8,33.2,30.2
1355999,1497826560,2017/6/18 22:56,66.8,33.2,30.2
1356998,1497826561,2017/6/18 22:56,66.8,33.2,30.2
1358000,1497826562,2017/6/18 22:56,66.9,33.1,30.1
1358999,1497826563,2017/6/18 22:56,66.9,33.1,30.1
1360000,1497826564,2017/6/18 22:56,66.9,33.1,30.1
1360999,1497826565,2017/6/18 22:56,66.9,33.1,30.1
1361999,1497826566,2017/6/18 22:56,66.8,33.2,30.2
1362999,1497826567,2017/6/18 22:56,66.8,33.2,30.2
1363999,1497826568,2017/6/18 22:56,66.8,33.2,30.2
1364999,1497826569,2017/6/18 22:56,66.8,33.2,30.2
1365998,1497826570,2017/6/18 22:56,66.8,33.2,30.2
1367000,1497826571,2017/6/18 22:56,66.9,33.1,30.1
1367999,1497826572,2017/6/18 22:56,66.9,33.1,30.1
1368999,1497826573,2017/6/18 22:56,66.8,33.2,30.2
1369999,1497826574,2017/6/18 22:56,66.8,33.2,30.2
1370998,1497826575,2017/6/18 22:56,66.8,33.2,30.2
1372000,1497826576,2017/6/18 22:56,66.8,33.2,30.2
1372999,1497826577,2017/6/18 22:56,66.8,33.2,30.2
1373999,1497826578,2017/6/18 22:56,66.8,33.2,30.2
1375000,1497826579,2017/6/18 22:56,66.8,33.2,30.2
1375998,1497826580,2017/6/18 22:56,66.8,33.2,30.2
1376999,1497826581,2017/6/18 22:56,66.8,33.2,30.2
1377999,1497826582,2017/6/18 22:56,66.8,33.2,30.2
1378999,1497826583,2017/6/18 22:56,66.8,33.2,30.2
1379999,1497826584,2017/6/18 22:56,66.8,33.2,30.2
1380999,1497826585,2017/6/18 22:56,66.8,33.2,30.2
1381998,1497826586,2017/6/18 22:56,66.8,33.2,30.2
1383000,1497826587,2017/6/18 22:56,66.8,33.2,30.2
1383999,1497826588,2017/6/18 22:56,66.8,33.2,30.2
1384998,1497826589,2017/6/18 22:56,66.8,33.2,30.2
1385999,1497826590,2017/6/18 22:56,66.8,33.2,30.2
1386999,1497826591,2017/6/18 22:56,66.8,33.2,30.2
1387999,1497826592,2017/6/18 22:56,66.8,33.2,30.2
1388998,1497826593,2017/6/18 22:56,66.8,33.2,30.2
1389999,1497826594,2017/6/18 22:56,66.8,33.2,30.2
1390999,1497826595,2017/6/18 22:56,66.8,33.2,30.2
1391998,1497826596,2017/6/18 22:56,66.8,33.2,30.2
1392999,1497826597,2017/6/18 22:56,66.9,33.1,30.1
1393998,1497826598,2017/6/18 22:56,66.9,33.1,30.1
1394999,1497826599,2017/6/18 22:56,66.9,33.1,30.1
1395998,1497826600,2017/6/18 22:56,66.9,33.1,30.1
1397000,1497826601,2017/6/18 22:56,66.9,33.1,30.1
1397998,1497826602,2017/6/18 22:56,66.9,33.1,30.1
1399000,1497826603,2017/6/18 22:56,66.9,33.1,30.1
1399999,1497826604,2017/6/18 22:56,66.9,33.1,30.1
1400998,1497826605,2017/6/18 22:56,66.9,33.1,30.1
1401999,1497826606,2017/6/18 22:56,66.9,33.1,30.1
1402998,1497826607,2017/6/18 22:56,66.9,33.1,30.1
1403999,1497826608,2017/6/18 22:56,66.9,33.1,30.1
1404998,1497826609,2017/6/18 22:56,67,33,30
1405999,1497826610,2017/6/18 22:56,67,33,30
1406999,1497826611,2017/6/18 22:56,67,33,30
1407998,1497826612,2017/6/18 22:56,67,33,30
1408999,1497826613,2017/6/18 22:56,67,33,30
1409999,1497826614,2017/6/18 22:56,67,33,30
1411000,1497826615,2017/6/18 22:56,67,33,30
1411999,1497826616,2017/6/18 22:56,67,33,30
1413000,1497826617,2017/6/18 22:56,67,33,30
1413998,1497826618,2017/6/18 22:56,67,33,30
1414999,1497826619,2017/6/18 22:56,67,33,30
1415999,1497826620,2017/6/18 22:57,67,33,30
1416998,1497826621,2017/6/18 22:57,67,33,30
1418000,1497826622,2017/6/18 22:57,67,33,30
1418999,1497826623,2017/6/18 22:57,67,33,30
1420000,1497826624,2017/6/18 22:57,67.1,32.9,29.9
1420999,1497826625,2017/6/18 22:57,67.1,32.9,29.9
1421999,1497826626,2017/6/18 22:57,67.1,32.9,29.9
1422999,1497826627,2017/6/18 22:57,67.1,32.9,29.9
1424000,1497826628,2017/6/18 22:57,67.1,32.9,29.9
1425000,1497826629,2017/6/18 22:57,67.1,32.9,29.9
1425998,1497826630,2017/6/18 22:57,67.1,32.9,29.9
1427000,1497826631,2017/6/18 22:57,67.1,32.9,29.9
1427999,1497826632,2017/6/18 22:57,67.1,32.9,29.9
1428999,1497826633,2017/6/18 22:57,67.1,32.9,29.9
1429999,1497826634,2017/6/18 22:57,67.1,32.9,29.9
1430999,1497826635,2017/6/18 22:57,67.1,32.9,29.9
1431999,1497826636,2017/6/18 22:57,67,33,30
1432998,1497826637,2017/6/18 22:57,67,33,30
1433999,1497826638,2017/6/18 22:57,67,33,30
1434999,1497826639,2017/6/18 22:57,67.1,32.9,29.9
1436000,1497826640,2017/6/18 22:57,67.1,32.9,29.9
1436999,1497826641,2017/6/18 22:57,67.1,32.9,29.9
1437999,1497826642,2017/6/18 22:57,67.1,32.9,29.9
1438999,1497826643,2017/6/18 22:57,67.1,32.9,29.9
1439998,1497826644,2017/6/18 22:57,67.1,32.9,29.9
1441000,1497826645,2017/6/18 22:57,67.1,32.9,29.9
1441999,1497826646,2017/6/18 22:57,67.1,32.9,29.9
1442999,1497826647,2017/6/18 22:57,67.1,32.9,29.9
1443999,1497826648,2017/6/18 22:57,67.1,32.9,29.9
1445000,1497826649,2017/6/18 22:57,67.1,32.9,29.9
1445998,1497826650,2017/6/18 22:57,67,33,30
1446999,1497826651,2017/6/18 22:57,67,33,30
1447998,1497826652,2017/6/18 22:57,67.1,32.9,29.9
1448998,1497826653,2017/6/18 22:57,67.1,32.9,29.9
1450000,1497826654,2017/6/18 22:57,67.1,32.9,29.9
1450999,1497826655,2017/6/18 22:57,67.1,32.9,29.9
1451999,1497826656,2017/6/18 22:57,67.1,32.9,29.9
1452999,1497826657,2017/6/18 22:57,67.1,32.9,29.9
1453999,1497826658,2017/6/18 22:57,67.1,32.9,29.9
1454999,1497826659,2017/6/18 22:57,67.1,32.9,29.9
1455998,1497826660,2017/6/18 22:57,67.1,32.9,29.9
1457000,1497826661,2017/6/18 22:57,67,33,30
1457998,1497826662,2017/6/18 22:57,67,33,30
1459000,1497826663,2017/6/18 22:57,67,33,30
1459999,1497826664,2017/6/18 22:57,67.1,32.9,29.9
1460999,1497826665,2017/6/18 22:57,67.1,32.9,29.9
1461999,1497826666,2017/6/18 22:57,67.1,32.9,29.9
1463000,1497826667,2017/6/18 22:57,67.1,32.9,29.9
1463999,1497826668,2017/6/18 22:57,67.1,32.9,29.9
1464998,1497826669,2017/6/18 22:57,67.1,32.9,29.9
1466000,1497826670,2017/6/18 22:57,67.1,32.9,29.9
1466998,1497826671,2017/6/18 22:57,67.1,32.9,29.9
1468000,1497826672,2017/6/18 22:57,67.1,32.9,29.9
1468999,1497826673,2017/6/18 22:57,67.1,32.9,29.9
1470000,1497826674,2017/6/18 22:57,67.1,32.9,29.9
1470998,1497826675,2017/6/18 22:57,67.1,32.9,29.9
1472000,1497826676,2017/6/18 22:57,67.1,32.9,29.9
1472999,1497826677,2017/6/18 22:57,67.1,32.9,29.9
1473999,1497826678,2017/6/18 22:57,67.1,32.9,29.9
1475000,1497826679,2017/6/18 22:57,67.1,32.9,29.9
1475999,1497826680,2017/6/18 22:58,67.1,32.9,29.9
1476999,1497826681,2017/6/18 22:58,67.1,32.9,29.9
1477998,1497826682,2017/6/18 22:58,67,33,30
1478999,1497826683,2017/6/18 22:58,67,33,30
1479999,1497826684,2017/6/18 22:58,66.9,33.1,30.1
1480998,1497826685,2017/6/18 22:58,66.9,33.1,30.1
1482000,1497826686,2017/6/18 22:58,66.9,33.1,30.1
1482999,1497826687,2017/6/18 22:58,66.9,33.1,30.1
1484000,1497826688,2017/6/18 22:58,66.9,33.1,30.1
1484998,1497826689,2017/6/18 22:58,67,33,30
1485999,1497826690,2017/6/18 22:58,67,33,30
1487000,1497826691,2017/6/18 22:58,67.1,32.9,29.9
1487998,1497826692,2017/6/18 22:58,67.1,32.9,29.9
1488999,1497826693,2017/6/18 22:58,67.1,32.9,29.9
1489999,1497826694,2017/6/18 22:58,67,33,30
1491000,1497826695,2017/6/18 22:58,67,33,30
1491999,1497826696,2017/6/18 22:58,67,33,30
1493000,1497826697,2017/6/18 22:58,67,33,30
1493999,1497826698,2017/6/18 22:58,67,33,30
1495000,1497826699,2017/6/18 22:58,67,33,30
1495999,1497826700,2017/6/18 22:58,67,33,30
1496998,1497826701,2017/6/18 22:58,67,33,30
1497999,1497826702,2017/6/18 22:58,67,33,30
1498999,1497826703,2017/6/18 22:58,67,33,30
1500000,1497826704,2017/6/18 22:58,67,33,30
1500999,1497826705,2017/6/18 22:58,67,33,30
1502000,1497826706,2017/6/18 22:58,67,33,30
1502998,1497826707,2017/6/18 22:58,67,33,30
1504000,1497826708,2017/6/18 22:58,67,33,30
1504999,1497826709,2017/6/18 22:58,67,33,30
1505999,1497826710,2017/6/18 22:58,67,33,30
1507000,1497826711,2017/6/18 22:58,67,33,30
1507999,1497826712,2017/6/18 22:58,67,33,30
1508999,1497826713,2017/6/18 22:58,67,33,30
1509999,1497826714,2017/6/18 22:58,67,33,30
1510999,1497826715,2017/6/18 22:58,67,33,30
1511998,1497826716,2017/6/18 22:58,67.1,32.9,29.9
1512998,1497826717,2017/6/18 22:58,67.1,32.9,29.9
1514000,1497826718,2017/6/18 22:58,67.1,32.9,29.9
1514999,1497826719,2017/6/18 22:58,67.1,32.9,29.9
1515999,1497826720,2017/6/18 22:58,67.1,32.9,29.9
1516999,1497826721,2017/6/18 22:58,67.1,32.9,29.9
1517999,1497826722,2017/6/18 22:58,67.1,32.9,29.9
1519000,1497826723,2017/6/18 22:58,67.1,32.9,29.9
1520000,1497826724,2017/6/18 22:58,67.1,32.9,29.9
1520999,1497826725,2017/6/18 22:58,67.1,32.9,29.9
1521999,1497826726,2017/6/18 22:58,67.1,32.9,29.9
1522999,1497826727,2017/6/18 22:58,67.1,32.9,29.9
1523999,1497826728,2017/6/18 22:58,67.1,32.9,29.9
1524999,1497826729,2017/6/18 22:58,67.1,32.9,29.9
1526000,1497826730,2017/6/18 22:58,67.1,32.9,29.9
1526999,1497826731,2017/6/18 22:58,67.1,32.9,29.9
1527999,1497826732,2017/6/18 22:58,67.1,32.9,29.9
1528998,1497826733,2017/6/18 22:58,67.1,32.9,29.9
1529999,1497826734,2017/6/18 22:58,67.1,32.9,29.9
1530999,1497826735,2017/6/18 22:58,67.1,32.9,29.9
1531999,1497826736,2017/6/18 22:58,67.1,32.9,29.9
1532998,1497826737,2017/6/18 22:58,67.1,32.9,29.9
1534000,1497826738,2017/6/18 22:58,67.1,32.9,29.9
1534999,1497826739,2017/6/18 22:58,67.1,32.9,29.9
1535998,1497826740,2017/6/18 22:59,67.1,32.9,29.9
1536999,1497826741,2017/6/18 22:59,67.1,32.9,29.9
1537998,1497826742,2017/6/18 22:59,67.1,32.9,29.9
1538999,1497826743,2017/6/18 22:59,67.1,32.9,29.9
1539999,1497826744,2017/6/18 22:59,67.2,32.8,29.8
1540999,1497826745,2017/6/18 22:59,67.2,32.8,29.8
1541999,1497826746,2017/6/18 22:59,67.2,32.8,29.8
1543000,1497826747,2017/6/18 22:59,67.2,32.8,29.8
1543999,1497826748,2017/6/18 22:59,67.2,32.8,29.8
1544998,1497826749,2017/6/18 22:59,67.2,32.8,29.8
1546000,1497826750,2017/6/18 22:59,67.2,32.8,29.8
1546999,1497826751,2017/6/18 22:59,67.2,32.8,29.8
1547999,1497826752,2017/6/18 22:59,67.2,32.8,29.8
1548999,1497826753,2017/6/18 22:59,67.2,32.8,29.8
1549999,1497826754,2017/6/18 22:59,67.2,32.8,29.8
1551000,1497826755,2017/6/18 22:59,67.2,32.8,29.8
1552000,1497826756,2017/6/18 22:59,67.2,32.8,29.8
1553000,1497826757,2017/6/18 22:59,67.2,32.8,29.8
1553999,1497826758,2017/6/18 22:59,67.2,32.8,29.8
1554999,1497826759,2017/6/18 22:59,67.2,32.8,29.8
1555999,1497826760,2017/6/18 22:59,67.2,32.8,29.8
1556999,1497826761,2017/6/18 22:59,67.2,32.8,29.8
1557998,1497826762,2017/6/18 22:59,67.2,32.8,29.8
1558999,1497826763,2017/6/18 22:59,67.2,32.8,29.8
1560000,1497826764,2017/6/18 22:59,67.2,32.8,29.8
1560998,1497826765,2017/6/18 22:59,67.2,32.8,29.8
1561999,1497826766,2017/6/18 22:59,67.2,32.8,29.8
1562999,1497826767,2017/6/18 22:59,67.2,32.8,29.8
1563999,1497826768,2017/6/18 22:59,67.2,32.8,29.8
1564998,1497826769,2017/6/18 22:59,67.2,32.8,29.8
1565999,1497826770,2017/6/18 22:59,67.2,32.8,29.8
1566999,1497826771,2017/6/18 22:59,67.2,32.8,29.8
1567998,1497826772,2017/6/18 22:59,67.2,32.8,29.8
1569000,1497826773,2017/6/18 22:59,67.2,32.8,29.8
1569999,1497826774,2017/6/18 22:59,67.2,32.8,29.8
1571000,1497826775,2017/6/18 22:59,67.2,32.8,29.8
1571998,1497826776,2017/6/18 22:59,67.3,32.7,29.7
1572999,1497826777,2017/6/18 22:59,67.3,32.7,29.7
1573998,1497826778,2017/6/18 22:59,67.2,32.8,29.8
1574999,1497826779,2017/6/18 22:59,67.2,32.8,29.8
1575999,1497826780,2017/6/18 22:59,67.2,32.8,29.8
1576998,1497826781,2017/6/18 22:59,67.2,32.8,29.8
1578000,1497826782,2017/6/18 22:59,67.2,32.8,29.8
1579000,1497826783,2017/6/18 22:59,67.2,32.8,29.8
1580000,1497826784,2017/6/18 22:59,67.2,32.8,29.8
1580998,1497826785,2017/6/18 22:59,67.2,32.8,29.8
1581999,1497826786,2017/6/18 22:59,67.2,32.8,29.8
1582999,1497826787,2017/6/18 22:59,67.2,32.8,29.8
1583998,1497826788,2017/6/18 22:59,67.2,32.8,29.8
1584999,1497826789,2017/6/18 22:59,67.2,32.8,29.8
1585999,1497826790,2017/6/18 22:59,67.2,32.8,29.8
1587000,1497826791,2017/6/18 22:59,67.2,32.8,29.8
1587999,1497826792,2017/6/18 22:59,67.2,32.8,29.8
1589000,1497826793,2017/6/18 22:59,67.3,32.7,29.7
1590000,1497826794,2017/6/18 22:59,67.3,32.7,29.7
1591000,1497826795,2017/6/18 22:59,67.3,32.7,29.7
1591999,1497826796,2017/6/18 22:59,67.3,32.7,29.7
1592998,1497826797,2017/6/18 22:59,67.3,32.7,29.7
1593999,1497826798,2017/6/18 22:59,67.3,32.7,29.7
1594998,1497826799,2017/6/18 22:59,67.3,32.7,29.7
1596000,1497826800,2017/6/18 23:00,67.4,32.6,29.6
1596999,1497826801,2017/6/18 23:00,67.4,32.6,29.6
1597999,1497826802,2017/6/18 23:00,67.3,32.7,29.7
1598999,1497826803,2017/6/18 23:00,67.3,32.7,29.7
1600000,1497826804,2017/6/18 23:00,67.4,32.6,29.6
1600999,1497826805,2017/6/18 23:00,67.4,32.6,29.6
1601998,1497826806,2017/6/18 23:00,67.4,32.6,29.6
1602999,1497826807,2017/6/18 23:00,67.4,32.6,29.6
1604000,1497826808,2017/6/18 23:00,67.4,32.6,29.6
1604999,1497826809,2017/6/18 23:00,67.4,32.6,29.6
1605999,1497826810,2017/6/18 23:00,67.4,32.6,29.6
1607000,1497826811,2017/6/18 23:00,67.4,32.6,29.6
1608000,1497826812,2017/6/18 23:00,67.4,32.6,29.6
1608998,1497826813,2017/6/18 23:00,67.4,32.6,29.6
1609999,1497826814,2017/6/18 23:00,67.4,32.6,29.6
1610999,1497826815,2017/6/18 23:00,67.4,32.6,29.6
1612000,1497826816,2017/6/18 23:00,67.4,32.6,29.6
1613000,1497826817,2017/6/18 23:00,67.4,32.6,29.6
1613999,1497826818,2017/6/18 23:00,67.4,32.6,29.6
1614999,1497826819,2017/6/18 23:00,67.4,32.6,29.6
1615998,1497826820,2017/6/18 23:00,67.4,32.6,29.6
1616999,1497826821,2017/6/18 23:00,67.4,32.6,29.6
1617999,1497826822,2017/6/18 23:00,67.4,32.6,29.6
1619000,1497826823,2017/6/18 23:00,67.4,32.6,29.6
1619999,1497826824,2017/6/18 23:00,67.4,32.6,29.6
1620999,1497826825,2017/6/18 23:00,67.4,32.6,29.6
1621999,1497826826,2017/6/18 23:00,67.4,32.6,29.6
1623000,1497826827,2017/6/18 23:00,67.4,32.6,29.6
1624000,1497826828,2017/6/18 23:00,67.4,32.6,29.6
1624998,1497826829,2017/6/18 23:00,67.4,32.6,29.6
1625999,1497826830,2017/6/18 23:00,67.4,32.6,29.6
1626999,1497826831,2017/6/18 23:00,67.4,32.6,29.6
1628000,1497826832,2017/6/18 23:00,67.3,32.7,29.7
1628999,1497826833,2017/6/18 23:00,67.3,32.7,29.7
1630000,1497826834,2017/6/18 23:00,67.4,32.6,29.6
1630998,1497826835,2017/6/18 23:00,67.4,32.6,29.6
1631998,1497826836,2017/6/18 23:00,67.4,32.6,29.6
1632999,1497826837,2017/6/18 23:00,67.4,32.6,29.6
1633999,1497826838,2017/6/18 23:00,67.4,32.6,29.6
1635000,1497826839,2017/6/18 23:00,67.4,32.6,29.6
1635999,1497826840,2017/6/18 23:00,67.4,32.6,29.6
1636999,1497826841,2017/6/18 23:00,67.4,32.6,29.6
1637999,1497826842,2017/6/18 23:00,67.4,32.6,29.6
1638999,1497826843,2017/6/18 23:00,67.4,32.6,29.6
1639999,1497826844,2017/6/18 23:00,67.4,32.6,29.6
1640998,1497826845,2017/6/18 23:00,67.4,32.6,29.6
1642000,1497826846,2017/6/18 23:00,67.4,32.6,29.6
1642999,1497826847,2017/6/18 23:00,67.4,32.6,29.6
1644000,1497826848,2017/6/18 23:00,67.4,32.6,29.6
1644999,1497826849,2017/6/18 23:00,67.3,32.7,29.7
1645999,1497826850,2017/6/18 23:00,67.3,32.7,29.7
1646999,1497826851,2017/6/18 23:00,67.3,32.7,29.7
1647998,1497826852,2017/6/18 23:00,67.3,32.7,29.7
1648999,1497826853,2017/6/18 23:00,67.3,32.7,29.7
1649999,1497826854,2017/6/18 23:00,67.3,32.7,29.7
1650999,1497826855,2017/6/18 23:00,67.4,32.6,29.6
1651998,1497826856,2017/6/18 23:00,67.4,32.6,29.6
1653000,1497826857,2017/6/18 23:00,67.4,32.6,29.6
1654000,1497826858,2017/6/18 23:00,67.4,32.6,29.6
1654999,1497826859,2017/6/18 23:00,67.4,32.6,29.6
1655999,1497826860,2017/6/18 23:01,67.4,32.6,29.6
1656998,1497826861,2017/6/18 23:01,67.4,32.6,29.6
1658000,1497826862,2017/6/18 23:01,67.4,32.6,29.6
1658998,1497826863,2017/6/18 23:01,67.4,32.6,29.6
1659999,1497826864,2017/6/18 23:01,67.4,32.6,29.6
1660998,1497826865,2017/6/18 23:01,67.4,32.6,29.6
1661999,1497826866,2017/6/18 23:01,67.4,32.6,29.6
1662999,1497826867,2017/6/18 23:01,67.4,32.6,29.6
1663998,1497826868,2017/6/18 23:01,67.4,32.6,29.6
1664999,1497826869,2017/6/18 23:01,67.5,32.5,29.5
1665999,1497826870,2017/6/18 23:01,67.5,32.5,29.5
1667000,1497826871,2017/6/18 23:01,67.5,32.5,29.5
1667999,1497826872,2017/6/18 23:01,67.5,32.5,29.5
1669000,1497826873,2017/6/18 23:01,67.5,32.5,29.5
1669999,1497826874,2017/6/18 23:01,67.5,32.5,29.5
1671000,1497826875,2017/6/18 23:01,67.5,32.5,29.5
1671999,1497826876,2017/6/18 23:01,67.5,32.5,29.5
1672999,1497826877,2017/6/18 23:01,67.5,32.5,29.5
1674000,1497826878,2017/6/18 23:01,67.5,32.5,29.5
1674999,1497826879,2017/6/18 23:01,67.5,32.5,29.5
1676000,1497826880,2017/6/18 23:01,67.5,32.5,29.5
1676999,1497826881,2017/6/18 23:01,67.5,32.5,29.5
1678000,1497826882,2017/6/18 23:01,67.5,32.5,29.5
1678999,1497826883,2017/6/18 23:01,67.5,32.5,29.5
1680000,1497826884,2017/6/18 23:01,67.5,32.5,29.5
1680999,1497826885,2017/6/18 23:01,67.5,32.5,29.5
1681999,1497826886,2017/6/18 23:01,67.5,32.5,29.5
1682999,1497826887,2017/6/18 23:01,67.5,32.5,29.5
1683999,1497826888,2017/6/18 23:01,67.5,32.5,29.5
1685000,1497826889,2017/6/18 23:01,67.5,32.5,29.5
1685999,1497826890,2017/6/18 23:01,67.5,32.5,29.5
1687000,1497826891,2017/6/18 23:01,67.4,32.6,29.6
1687999,1497826892,2017/6/18 23:01,67.4,32.6,29.6
1688999,1497826893,2017/6/18 23:01,67.5,32.5,29.5
1689999,1497826894,2017/6/18 23:01,67.5,32.5,29.5
1690999,1497826895,2017/6/18 23:01,67.5,32.5,29.5
1691999,1497826896,2017/6/18 23:01,67.5,32.5,29.5
1692999,1497826897,2017/6/18 23:01,67.5,32.5,29.5
1693999,1497826898,2017/6/18 23:01,67.5,32.5,29.5
1695000,1497826899,2017/6/18 23:01,67.6,32.4,29.4
1695998,1497826900,2017/6/18 23:01,67.6,32.4,29.4
1697000,1497826901,2017/6/18 23:01,67.6,32.4,29.4
1697999,1497826902,2017/6/18 23:01,67.6,32.4,29.4
1698999,1497826903,2017/6/18 23:01,67.6,32.4,29.4
1699998,1497826904,2017/6/18 23:01,67.5,32.5,29.5
1700999,1497826905,2017/6/18 23:01,67.5,32.5,29.5
1701999,1497826906,2017/6/18 23:01,67.6,32.4,29.4
1702999,1497826907,2017/6/18 23:01,67.6,32.4,29.4
1704000,1497826908,2017/6/18 23:01,67.5,32.5,29.5
1704998,1497826909,2017/6/18 23:01,67.5,32.5,29.5
1706000,1497826910,2017/6/18 23:01,67.5,32.5,29.5
1706998,1497826911,2017/6/18 23:01,67.5,32.5,29.5
1708000,1497826912,2017/6/18 23:01,67.5,32.5,29.5
1708999,1497826913,2017/6/18 23:01,67.6,32.4,29.4
1709999,1497826914,2017/6/18 23:01,67.6,32.4,29.4
1710999,1497826915,2017/6/18 23:01,67.6,32.4,29.4
1711998,1497826916,2017/6/18 23:01,67.6,32.4,29.4
1712999,1497826917,2017/6/18 23:01,67.6,32.4,29.4
1713999,1497826918,2017/6/18 23:01,67.6,32.4,29.4
1714999,1497826919,2017/6/18 23:01,67.6,32.4,29.4
1715998,1497826920,2017/6/18 23:02,67.6,32.4,29.4
1716999,1497826921,2017/6/18 23:02,67.6,32.4,29.4
1717998,1497826922,2017/6/18 23:02,67.5,32.5,29.5
1718999,1497826923,2017/6/18 23:02,67.5,32.5,29.5
1719999,1497826924,2017/6/18 23:02,67.5,32.5,29.5
1720998,1497826925,2017/6/18 23:02,67.5,32.5,29.5
1721999,1497826926,2017/6/18 23:02,67.5,32.5,29.5
1722999,1497826927,2017/6/18 23:02,67.6,32.4,29.4
1723999,1497826928,2017/6/18 23:02,67.6,32.4,29.4
1724999,1497826930,2017/6/18 23:02,67.6,32.4,29.4
1726000,1497826931,2017/6/18 23:02,67.6,32.4,29.4
1727000,1497826932,2017/6/18 23:02,67.6,32.4,29.4
1727998,1497826933,2017/6/18 23:02,67.6,32.4,29.4
1728999,1497826934,2017/6/18 23:02,67.6,32.4,29.4
1729998,1497826935,2017/6/18 23:02,67.6,32.4,29.4
1731000,1497826936,2017/6/18 23:02,67.6,32.4,29.4
1731999,1497826937,2017/6/18 23:02,67.5,32.5,29.5
1732999,1497826938,2017/6/18 23:02,67.5,32.5,29.5
1733998,1497826939,2017/6/18 23:02,67.6,32.4,29.4
1734999,1497826940,2017/6/18 23:02,67.6,32.4,29.4
1736000,1497826941,2017/6/18 23:02,67.6,32.4,29.4
1736998,1497826942,2017/6/18 23:02,67.6,32.4,29.4
1738000,1497826943,2017/6/18 23:02,67.6,32.4,29.4
1738999,1497826944,2017/6/18 23:02,67.5,32.5,29.5
1739999,1497826945,2017/6/18 23:02,67.5,32.5,29.5
1740998,1497826946,2017/6/18 23:02,67.5,32.5,29.5
1742000,1497826947,2017/6/18 23:02,67.6,32.4,29.4
1742999,1497826948,2017/6/18 23:02,67.6,32.4,29.4
1744000,1497826949,2017/6/18 23:02,67.6,32.4,29.4
1744999,1497826950,2017/6/18 23:02,67.6,32.4,29.4
1745998,1497826951,2017/6/18 23:02,67.6,32.4,29.4
1746999,1497826952,2017/6/18 23:02,67.6,32.4,29.4
1747999,1497826953,2017/6/18 23:02,67.5,32.5,29.5
1749000,1497826954,2017/6/18 23:02,67.5,32.5,29.5
1749998,1497826955,2017/6/18 23:02,67.5,32.5,29.5
1751000,1497826956,2017/6/18 23:02,67.6,32.4,29.4
1751999,1497826957,2017/6/18 23:02,67.6,32.4,29.4
1752999,1497826958,2017/6/18 23:02,67.6,32.4,29.4
1753999,1497826959,2017/6/18 23:02,67.6,32.4,29.4
1754999,1497826960,2017/6/18 23:02,67.6,32.4,29.4
1756000,1497826961,2017/6/18 23:02,67.6,32.4,29.4
1756999,1497826962,2017/6/18 23:02,67.6,32.4,29.4
1758000,1497826963,2017/6/18 23:02,67.7,32.3,29.3
1758999,1497826964,2017/6/18 23:02,67.7,32.3,29.3
1760000,1497826965,2017/6/18 23:02,67.6,32.4,29.4
1760999,1497826966,2017/6/18 23:02,67.6,32.4,29.4
1761998,1497826967,2017/6/18 23:02,67.6,32.4,29.4
1762999,1497826968,2017/6/18 23:02,67.6,32.4,29.4
1763999,1497826969,2017/6/18 23:02,67.6,32.4,29.4
1764999,1497826970,2017/6/18 23:02,67.6,32.4,29.4
1765999,1497826971,2017/6/18 23:02,67.6,32.4,29.4
1767000,1497826972,2017/6/18 23:02,67.8,32.2,29.2
1767999,1497826973,2017/6/18 23:02,67.8,32.2,29.2
1768999,1497826974,2017/6/18 23:02,67.7,32.3,29.3
1769999,1497826975,2017/6/18 23:02,67.7,32.3,29.3
1770999,1497826976,2017/6/18 23:02,67.7,32.3,29.3
1772000,1497826977,2017/6/18 23:02,67.7,32.3,29.3
1772998,1497826978,2017/6/18 23:02,67.7,32.3,29.3
1774000,1497826979,2017/6/18 23:02,67.8,32.2,29.2
1774999,1497826980,2017/6/18 23:03,67.8,32.2,29.2
1775998,1497826981,2017/6/18 23:03,67.7,32.3,29.3
1776999,1497826982,2017/6/18 23:03,67.7,32.3,29.3
1777998,1497826983,2017/6/18 23:03,67.7,32.3,29.3
1778999,1497826984,2017/6/18 23:03,67.7,32.3,29.3
1779999,1497826985,2017/6/18 23:03,67.7,32.3,29.3
1780999,1497826986,2017/6/18 23:03,67.7,32.3,29.3
1781999,1497826987,2017/6/18 23:03,67.7,32.3,29.3
1783000,1497826988,2017/6/18 23:03,67.7,32.3,29.3
1783999,1497826989,2017/6/18 23:03,67.7,32.3,29.3
1784998,1497826990,2017/6/18 23:03,67.7,32.3,29.3
1786000,1497826991,2017/6/18 23:03,67.7,32.3,29.3
1786999,1497826992,2017/6/18 23:03,67.7,32.3,29.3
1788000,1497826993,2017/6/18 23:03,67.7,32.3,29.3
1788999,1497826994,2017/6/18 23:03,67.7,32.3,29.3
1789999,1497826995,2017/6/18 23:03,67.7,32.3,29.3
1790999,1497826996,2017/6/18 23:03,67.6,32.4,29.4
1791998,1497826997,2017/6/18 23:03,67.6,32.4,29.4
1792999,1497826998,2017/6/18 23:03,67.7,32.3,29.3
1793998,1497826999,2017/6/18 23:03,67.7,32.3,29.3
1794999,1497827000,2017/6/18 23:03,67.7,32.3,29.3
1795999,1497827001,2017/6/18 23:03,67.7,32.3,29.3
1796999,1497827002,2017/6/18 23:03,67.7,32.3,29.3
1797999,1497827003,2017/6/18 23:03,67.7,32.3,29.3
1798999,1497827004,2017/6/18 23:03,67.7,32.3,29.3
1800000,1497827005,2017/6/18 23:03,67.7,32.3,29.3
1800998,1497827006,2017/6/18 23:03,67.7,32.3,29.3
1802000,1497827007,2017/6/18 23:03,67.7,32.3,29.3
1802999,1497827008,2017/6/18 23:03,67.7,32.3,29.3
1804000,1497827009,2017/6/18 23:03,67.7,32.3,29.3
1804999,1497827010,2017/6/18 23:03,67.7,32.3,29.3
1806000,1497827011,2017/6/18 23:03,67.7,32.3,29.3
1806999,1497827012,2017/6/18 23:03,67.7,32.3,29.3
1807998,1497827013,2017/6/18 23:03,67.7,32.3,29.3
1808999,1497827014,2017/6/18 23:03,67.7,32.3,29.3
1809999,1497827015,2017/6/18 23:03,67.7,32.3,29.3
1810999,1497827016,2017/6/18 23:03,67.7,32.3,29.3
1811999,1497827017,2017/6/18 23:03,67.7,32.3,29.3
1812999,1497827018,2017/6/18 23:03,67.7,32.3,29.3
1813998,1497827019,2017/6/18 23:03,67.7,32.3,29.3
1815000,1497827020,2017/6/18 23:03,67.7,32.3,29.3
1815999,1497827021,2017/6/18 23:03,67.7,32.3,29.3
1816998,1497827022,2017/6/18 23:03,67.7,32.3,29.3
1817999,1497827023,2017/6/18 23:03,67.7,32.3,29.3
1818999,1497827024,2017/6/18 23:03,67.6,32.4,29.4
1820000,1497827025,2017/6/18 23:03,67.6,32.4,29.4
1820998,1497827026,2017/6/18 23:03,67.6,32.4,29.4
1822000,1497827027,2017/6/18 23:03,67.6,32.4,29.4
1822999,1497827028,2017/6/18 23:03,67.6,32.4,29.4
1824000,1497827029,2017/6/18 23:03,67.6,32.4,29.4
1824999,1497827030,2017/6/18 23:03,67.6,32.4,29.4
1825999,1497827031,2017/6/18 23:03,67.6,32.4,29.4
1827000,1497827032,2017/6/18 23:03,67.6,32.4,29.4
1828000,1497827033,2017/6/18 23:03,67.6,32.4,29.4
1828999,1497827034,2017/6/18 23:03,67.6,32.4,29.4
1829999,1497827035,2017/6/18 23:03,67.6,32.4,29.4
1830999,1497827036,2017/6/18 23:03,67.6,32.4,29.4
1832000,1497827037,2017/6/18 23:03,67.6,32.4,29.4
1832998,1497827038,2017/6/18 23:03,67.6,32.4,29.4
1833999,1497827039,2017/6/18 23:03,67.6,32.4,29.4
1834998,1497827040,2017/6/18 23:04,67.6,32.4,29.4
1835999,1497827041,2017/6/18 23:04,67.6,32.4,29.4
1836999,1497827042,2017/6/18 23:04,67.6,32.4,29.4
1838000,1497827043,2017/6/18 23:04,67.6,32.4,29.4
1838999,1497827044,2017/6/18 23:04,67.6,32.4,29.4
1840000,1497827045,2017/6/18 23:04,67.6,32.4,29.4
1840999,1497827046,2017/6/18 23:04,67.6,32.4,29.4
1841998,1497827047,2017/6/18 23:04,67.6,32.4,29.4
1843000,1497827048,2017/6/18 23:04,67.6,32.4,29.4
1843998,1497827049,2017/6/18 23:04,67.6,32.4,29.4
1845000,1497827050,2017/6/18 23:04,67.6,32.4,29.4
1845999,1497827051,2017/6/18 23:04,67.6,32.4,29.4
1847000,1497827052,2017/6/18 23:04,67.7,32.3,29.3
1848000,1497827053,2017/6/18 23:04,67.7,32.3,29.3
1848999,1497827054,2017/6/18 23:04,67.7,32.3,29.3
1850000,1497827055,2017/6/18 23:04,67.7,32.3,29.3
1850998,1497827056,2017/6/18 23:04,67.7,32.3,29.3
1852000,1497827057,2017/6/18 23:04,67.7,32.3,29.3
1853000,1497827058,2017/6/18 23:04,67.7,32.3,29.3
1853999,1497827059,2017/6/18 23:04,67.7,32.3,29.3
1854999,1497827060,2017/6/18 23:04,67.7,32.3,29.3
1856000,1497827061,2017/6/18 23:04,67.7,32.3,29.3
1856999,1497827062,2017/6/18 23:04,67.7,32.3,29.3
1857999,1497827063,2017/6/18 23:04,67.7,32.3,29.3
1858999,1497827064,2017/6/18 23:04,67.7,32.3,29.3
1859999,1497827065,2017/6/18 23:04,67.8,32.2,29.2
1861000,1497827066,2017/6/18 23:04,67.8,32.2,29.2
1861998,1497827067,2017/6/18 23:04,67.8,32.2,29.2
1863000,1497827068,2017/6/18 23:04,67.8,32.2,29.2
1863999,1497827069,2017/6/18 23:04,67.8,32.2,29.2
1864998,1497827070,2017/6/18 23:04,67.8,32.2,29.2
1865999,1497827071,2017/6/18 23:04,67.8,32.2,29.2
1866998,1497827072,2017/6/18 23:04,67.8,32.2,29.2
1867999,1497827073,2017/6/18 23:04,67.8,32.2,29.2
1868999,1497827074,2017/6/18 23:04,67.8,32.2,29.2
1869999,1497827075,2017/6/18 23:04,67.8,32.2,29.2
1870999,1497827076,2017/6/18 23:04,67.8,32.2,29.2
1871998,1497827077,2017/6/18 23:04,67.8,32.2,29.2
1872999,1497827078,2017/6/18 23:04,67.8,32.2,29.2
1873999,1497827079,2017/6/18 23:04,67.8,32.2,29.2
1874999,1497827080,2017/6/18 23:04,67.8,32.2,29.2
1875999,1497827081,2017/6/18 23:04,67.8,32.2,29.2
1877000,1497827082,2017/6/18 23:04,67.8,32.2,29.2